Table,Variable,Data Type,Description,2002,2003,2004,2005,2006,2007,2008,2009,2010,2011,2012,2013,2014,2015,2016,2017,2018,2019,2020,2021,2022,2023,2024,Notes,,,,,,,,,,,,,
PSU,PSUID,int,PSU unique ID - Created in SQL,1,1,1,1,1,1,1,1,1,1,1,1,1,1,1,1,1,1,1,1,1,1,1,,,,,,,,,,,,,,
PSU,SurveyYear,int,Survey Year - actual year,1,1,1,1,1,1,1,1,1,1,1,1,1,1,1,1,1,1,1,1,1,1,1,,,,,,,,,,,,,,
PSU,SurveyYear_B01ID,int,Survey Year - coded year,1,1,1,1,1,1,1,1,1,1,1,1,1,1,1,1,1,1,1,1,1,1,1,,,,,,,,,,,,,,
PSU,PSUGOR_B02ID,int,PSU Region  ,1,1,1,1,1,1,1,1,1,1,1,1,1,1,1,1,1,1,0,0,0,0,0,Dropped 2020,,,,,,,,,,,,,
PSU,PSUStatsReg_B01ID,int,Statistical Region - regional / Metropolitan area breakdown,1,1,1,1,1,1,1,1,1,1,1,1,1,1,1,1,1,1,1,1,1,1,1,,,,,,,,,,,,,,
PSU,PSUCountry_B01ID,int,PSU Country,1,1,1,1,1,1,1,1,1,1,1,1,1,1,1,1,1,1,0,0,0,0,0,Dropped 2020,,,,,,,,,,,,,
Household,HouseholdID,int,Household unique ID - Created in SQL,1,1,1,1,1,1,1,1,1,1,1,1,1,1,1,1,1,1,1,1,1,1,1,,,,,,,,,,,,,,
Household,PSUID,int,PSU unique ID - Created in SQL,1,1,1,1,1,1,1,1,1,1,1,1,1,1,1,1,1,1,1,1,1,1,1,,,,,,,,,,,,,,
Household,TWSDay,int,Travel Week Start - Day of Month,1,1,1,1,1,1,1,1,1,1,1,1,1,1,1,1,1,1,1,1,1,1,1,,,,,,,,,,,,,,
Household,TWSMonth,int,Travel Week Start - Month - actual month,1,1,1,1,1,1,1,1,1,1,1,1,1,1,1,1,1,1,1,1,1,1,1,,,,,,,,,,,,,,
Household,TWSMonth_B01ID,int,Travel Week Start - Month - coded month,1,1,1,1,1,1,1,1,1,1,1,1,1,1,1,1,1,1,1,1,1,1,1,,,,,,,,,,,,,,
Household,TWSYear,int,Travel Week Start - Year,1,1,1,1,1,1,1,1,1,1,1,1,1,1,1,1,1,1,1,1,1,1,1,,,,,,,,,,,,,,
Household,TWSDate,datetime,Travel Week Start - Date travel week commences,1,1,1,1,1,1,1,1,1,1,1,1,1,1,1,1,1,1,1,1,1,1,1,,,,,,,,,,,,,,
Household,TWSWeek,int,Travel Week Start - Week number in calendar year,1,1,1,1,1,1,1,1,1,1,1,1,1,1,1,1,1,1,1,1,1,1,1,,,,,,,,,,,,,,
Household,TWSWeekday_B01ID,int,Travel Week Start - Weekday travel week commences on,1,1,1,1,1,1,1,1,1,1,1,1,1,1,1,1,1,1,1,1,1,1,1,,,,,,,,,,,,,,
Household,TWEDay,int,Travel Week End - Day of Month,1,1,1,1,1,1,1,1,1,1,1,1,1,1,1,1,1,1,1,1,1,1,1,,,,,,,,,,,,,,
Household,TWEMonth,int,Travel Week End - Month - actual month,1,1,1,1,1,1,1,1,1,1,1,1,1,1,1,1,1,1,1,1,1,1,1,,,,,,,,,,,,,,
Household,TWEMonth_B01ID,int,Travel Week End - Month - coded month,1,1,1,1,1,1,1,1,1,1,1,1,1,1,1,1,1,1,1,1,1,1,1,,,,,,,,,,,,,,
Household,TWEYear,int,Travel Week End - Year,1,1,1,1,1,1,1,1,1,1,1,1,1,1,1,1,1,1,1,1,1,1,1,,,,,,,,,,,,,,
Household,TWEDate,datetime,Travel Week End - Date travel week ends,1,1,1,1,1,1,1,1,1,1,1,1,1,1,1,1,1,1,1,1,1,1,1,,,,,,,,,,,,,,
Household,TWEWeek,int,Travel Week End - Week number in calendar year,1,1,1,1,1,1,1,1,1,1,1,1,1,1,1,1,1,1,1,1,1,1,1,,,,,,,,,,,,,,
Household,TWEWeekday_B01ID,int,Travel Week End - Weekday travel week ends on,1,1,1,1,1,1,1,1,1,1,1,1,1,1,1,1,1,1,1,1,1,1,1,,,,,,,,,,,,,,
Household,QuotaMonth_B01ID,int,Quota allocation month                                          ,1,1,1,1,1,1,1,1,1,1,1,1,1,1,1,1,1,1,1,1,1,1,1,,,,,,,,,,,,,,
Household,HHIncome2002_B02ID,int,Household Income bands - 2002 bandings - 3 categories,1,1,1,1,1,1,1,1,1,1,1,1,1,1,1,1,1,1,1,1,1,1,1,,,,,,,,,,,,,,
Household,HHIncOrig_B01ID,int,Origin of household income estimate,1,1,1,1,1,1,1,1,1,1,1,1,1,1,1,1,1,1,1,1,1,1,1,,,,,,,,,,,,,,
Household,AddressType_B01ID,int,Type of property found at the address,1,1,1,1,1,1,1,1,1,1,1,1,1,1,1,1,1,1,0,0,0,0,1,"Dependent variable FltTyp dropped and replaced by FltTypN in 2013. 
2020 - rotated every 4 years",,,,,,,,,,,,,
Household,Ten1_B02ID,int,Type of tenancy - 3 categories                                      ,1,1,1,1,1,1,1,1,1,1,1,1,1,1,1,1,1,1,1,1,1,1,1,,,,,,,,,,,,,,
Household,ResLength_B01ID,int,Length of residence                                             ,1,1,1,1,1,1,1,1,1,1,1,1,1,1,1,1,1,1,0,0,0,0,0,The categories for this variable in 2009 was altered because the OldAdd question (which was used to construct this variable) was dropped and not replaced.;2020 - dependent variable HLongA rotated every 4 years. 2023 - dropped,,,,,,,,,,,,,
Household,HHoldGOR_B02ID,int,Household Region  ,1,1,1,1,1,1,1,1,1,1,1,1,1,1,1,1,1,1,1,1,1,1,1,,,,,,,,,,,,,,
Household,HHoldCountry_B01ID,int,Country of residence,1,1,1,1,1,1,1,1,1,1,1,1,1,1,1,1,1,1,1,1,1,1,1,,,,,,,,,,,,,,
Household,HHoldNumAdults,int,Number of adults in household - actual number                                      ,1,1,1,1,1,1,1,1,1,1,1,1,1,1,1,1,1,1,1,1,1,1,1,,,,,,,,,,,,,,
Household,HHoldNumChildren,int,Number of children in household - actual number                                      ,1,1,1,1,1,1,1,1,1,1,1,1,1,1,1,1,1,1,1,1,1,1,1,,,,,,,,,,,,,,
Household,HHoldNumPeople,int,Total number of people in household - actual number,1,1,1,1,1,1,1,1,1,1,1,1,1,1,1,1,1,1,1,1,1,1,1,,,,,,,,,,,,,,
Household,HHoldStruct_B02ID,int,Household structure - 6 categories                        ,1,1,1,1,1,1,1,1,1,1,1,1,1,1,1,1,1,1,1,1,1,1,1,,,,,,,,,,,,,,
Household,NumLicHolders,int,Number of persons in household with full car licence - actual number                                 ,1,1,1,1,1,1,1,1,1,1,1,1,1,1,1,1,1,1,1,1,1,1,1,,,,,,,,,,,,,,
Household,HRPWorkStat_B02ID,int,Household Reference Person (HRP) - working status - 4 categories                                          ,1,1,1,1,1,1,1,1,1,1,1,1,1,1,1,1,1,1,1,1,1,1,1,,,,,,,,,,,,,,
Household,HRPEmpStat_B01ID,int,Household Reference Person (HRP) - employment status                                          ,1,1,1,1,1,1,1,1,1,1,1,1,1,1,1,1,1,1,1,1,1,1,1,,,,,,,,,,,,,,
Household,HRPSEGWorkStat_B01ID,int,Household Reference Person (HRP) - Socio Economic Group (SEG) for active workers - combining SEG and WorkStat variables,1,1,1,1,1,1,1,1,1,1,1,1,1,1,1,1,1,1,1,1,0,0,0,2022 - dropped,,,,,,,,,,,,,
Household,HHoldEmploy_B01ID,int,Number of employed in household - broken down by full and part time workers                                           ,1,1,1,1,1,1,1,1,1,1,1,1,1,1,1,1,1,1,1,1,1,1,1,,,,,,,,,,,,,,
Household,NumBike,int,Number of household bicycles - actual number,1,1,1,1,1,1,1,1,1,1,1,1,1,1,1,1,1,1,1,1,1,1,1,,,,,,,,,,,,,,
Household,NumCar,int,Number of household 3 and 4 wheeled cars (excludes landrover and jeeps) - actual number         ,1,1,1,1,1,1,1,1,1,1,1,1,1,1,1,1,1,1,1,1,1,1,1,,,,,,,,,,,,,,
Household,NumMCycle,int,Number of household motorcycles - actual number                    ,1,1,1,1,1,1,1,1,1,1,1,1,1,1,1,1,1,1,1,1,1,1,1,,,,,,,,,,,,,,
Household,NumVanLorry,int,Number of household vans / lorries - actual number                              ,1,1,1,1,1,1,1,1,1,1,1,1,1,1,1,1,1,1,1,1,1,1,1,,,,,,,,,,,,,,
Household,NumCarVan,int,"Number of household cars or light vans (including landrover, jeep, minibus etc) - actual number                                     ",1,1,1,1,1,1,1,1,1,1,1,1,1,1,1,1,1,1,1,1,1,1,1,,,,,,,,,,,,,,
Household,NumCarVan_B02ID,int,"Number of household cars or light vans (including landrover, jeep, minibus etc) - banded number - 3 categories                   ",1,1,1,1,1,1,1,1,1,1,1,1,1,1,1,1,1,1,1,1,1,1,1,,,,,,,,,,,,,,
Household,NumVehicles,int,Number of household vehicles - actual number,1,1,1,1,1,1,1,1,1,1,1,1,1,1,1,1,1,1,1,1,1,1,1,,,,,,,,,,,,,,
Household,HHoldCVAvail_B01ID,int,"Car / light van (including landrover, jeep, minibus etc) availability in household                                      ",1,1,1,1,1,1,1,1,1,1,1,1,1,1,1,1,1,1,1,1,1,1,1,,,,,,,,,,,,,,
Household,WalkBus_B01ID,int,Walk time from household to nearest bus stop - minutes - banded time,1,1,1,1,1,1,1,1,1,1,1,0,0,0,0,0,0,0,0,0,0,0,0,2013 - dropped,,,,,,,,,,,,,
Household,Getbus_B01ID,int,Frequency of bus service - 5 categories                                      ,1,1,1,1,1,1,1,1,1,1,1,0,0,0,0,0,0,0,0,0,0,0,0,2013 - dropped,,,,,,,,,,,,,
Household,FrqBus_B01ID,int,Rate the frequency of local buses                              ,1,1,1,1,1,1,1,1,1,1,1,1,1,1,1,0,0,0,0,0,0,0,0,2009 - changed from rotated question to subsample asked every year (1995 - 2007 rotated question);2017 - dropped,,,,,,,,,,,,,
Household,ReliaBus_B01ID,int,Rate the reliability of local buses                            ,1,1,1,1,1,1,1,1,1,1,1,1,1,1,1,0,0,0,0,0,0,0,0,2009 - changed from rotated question to subsample asked every year (1995 - 2007 rotated question);2017 - dropped,,,,,,,,,,,,,
Household,SatServ_B01ID,int,Local bus service satisfaction                                 ,1,1,1,1,1,1,1,1,1,1,1,1,1,1,1,0,0,0,0,0,0,0,0,2009 - changed from rotated question to subsample asked every year (1995 - 2007 rotated question);2017 - dropped,,,,,,,,,,,,,
Household,WalkRail_B01ID,int,Walk time from household to nearest railway station - minutes - banded time,1,1,1,1,1,1,1,1,1,1,1,0,0,0,0,0,0,0,0,0,0,0,0,2013 - dropped,,,,,,,,,,,,,
Household,BusRail_B01ID,int,Bus time from household to railway station - minutes - banded time,1,1,1,1,1,1,1,1,1,1,1,0,0,0,0,0,0,0,0,0,0,0,0,2013 - dropped,,,,,,,,,,,,,
Household,DescTa_B01ID,int,Frequency of rail service at nearest railway station,1,1,1,1,1,1,1,1,1,1,1,0,0,0,0,0,0,0,0,0,0,0,0,2013 - dropped,,,,,,,,,,,,,
Household,FrqMetro_B01ID,int,Rate the frequency of trains / LU / light rail / metro / tram stop,1,1,1,1,1,1,1,1,1,1,1,1,1,1,1,0,0,0,0,0,0,0,0,2009 - changed from rotated question to subsample asked every year (1995 - 2007 rotated question);2017 - dropped,,,,,,,,,,,,,
Household,RelMetro_B01ID,int,Rate the reliability of trains / LU / light rail / metro / tram stop,1,1,1,1,1,1,1,1,1,1,1,1,1,1,1,0,0,0,0,0,0,0,0,2009 - changed from rotated question to subsample asked every year (1995 - 2007 rotated question);2017 - dropped,,,,,,,,,,,,,
Household,ClosSta_B01ID,int,Is LU / light rail / metro / tram stop closer than railway station                      ,1,1,1,1,1,1,1,1,1,1,1,0,0,0,0,0,0,0,0,0,0,0,0,2009 - additional category added,,,,,,,,,,,,,
Household,WalkRailAlt_B01ID,int,Walk time from household to LU / light rail / metro / tram stop - minutes - banded time,1,1,1,1,1,1,1,1,1,1,1,0,0,0,0,0,0,0,0,0,0,0,0,2013 - dropped,,,,,,,,,,,,,
Household,BusRailAlt_B01ID,int,Bus time from household to LU / light rail / metro / tram stop - minutes - banded time,1,1,1,1,1,1,1,1,1,1,1,0,0,0,0,0,0,0,0,0,0,0,0,2013 - dropped,,,,,,,,,,,,,
Household,JTimeGP_B01ID,int,Journey time from household to nearest GP - minutes - banded time,0,0,0,1,1,1,1,1,1,1,1,0,0,0,0,0,0,0,0,0,0,0,0,2009 - changed from rotated question to subsample asked every year (1995 - 2007 rotated question),,,,,,,,,,,,,
Household,JTimeChem_B01ID,int,Journey time from household to nearest chemist - minutes - banded time,0,0,0,1,1,1,1,1,1,1,1,0,0,0,0,0,0,0,0,0,0,0,0,2009 - changed from rotated question to subsample asked every year (1995 - 2007 rotated question),,,,,,,,,,,,,
Household,JTimeHosp_B01ID,int,Journey time from household to nearest hospital - minutes - banded time,0,0,0,1,1,1,0,1,1,1,1,0,0,0,0,0,0,0,0,0,0,0,0,2009 - changed from rotated question to subsample asked every year (1995 - 2007 rotated question),,,,,,,,,,,,,
Household,JTimeShopC_B01ID,int,Journey time from household to nearest shopping centre - minutes - banded time,0,0,0,1,1,1,0,1,1,1,1,0,0,0,0,0,0,0,0,0,0,0,0,2009 - changed from rotated question to subsample asked every year (1995 - 2007 rotated question),,,,,,,,,,,,,
Household,JTimeGroc_B01ID,int,Journey time from household to nearest grocer - minutes - banded time,0,0,0,1,1,1,1,1,1,1,1,0,0,0,0,0,0,0,0,0,0,0,0,2009 - changed from rotated question to subsample asked every year (1995 - 2007 rotated question),,,,,,,,,,,,,
Household,JTimePost_B01ID,int,Journey time from household to nearest post office - minutes - banded time,0,0,0,1,1,1,1,1,1,1,1,0,0,0,0,0,0,0,0,0,0,0,0,2009 - changed from rotated question to subsample asked every year (1995 - 2007 rotated question),,,,,,,,,,,,,
Household,JTimePrimSch_B01ID,int,Journey time from household to nearest primary school - minutes - banded time,0,0,0,1,1,1,0,1,1,1,1,0,0,0,0,0,0,0,0,0,0,0,0,2009 - changed from rotated question to subsample asked every year (1995 - 2007 rotated question),,,,,,,,,,,,,
Household,JTimeSecSch_B01ID,int,Journey time from household to nearest secondary school - minutes - banded time,0,0,0,1,1,1,0,1,1,1,1,0,0,0,0,0,0,0,0,0,0,0,0,2009 - changed from rotated question to subsample asked every year (1995 - 2007 rotated question),,,,,,,,,,,,,
Household,JTimeColl_B01ID,int,Journey time from household to nearest college - minutes - banded time,0,0,0,1,1,1,0,1,1,1,1,0,0,0,0,0,0,0,0,0,0,0,0,2009 - changed from rotated question to subsample asked every year (1995 - 2007 rotated question),,,,,,,,,,,,,
Household,Deliv_B01ID,int,"How often online , phone or post ordered goods are delivered",1,1,1,1,1,1,1,1,1,1,1,1,1,1,1,1,1,1,0,1,0,1,0,2019 - Changed to rotated question. 2024 - dropped & replaced with Deliv1_B01ID & Deliv2_B01ID,,,,,,,,,,,,,
Household,HowOrd_B01ID,int,How were the delivered goods ordered,1,1,1,1,1,1,1,1,1,1,1,0,0,0,0,0,0,0,0,0,0,0,0,2013 - dropped,,,,,,,,,,,,,
Household,HowB_B01ID,int,How would you have bought these goods otherwise,1,1,1,1,1,1,1,0,0,0,0,0,0,0,0,0,0,0,0,0,0,0,0,Dropped and replaced with HowBN_B01ID,,,,,,,,,,,,,
Household,ShopOft_B01ID,int,Who does food shopping most often                              ,1,1,1,1,1,1,1,1,1,1,1,0,0,0,0,0,0,0,0,0,0,0,0,2013 - dropped,,,,,,,,,,,,,
Household,DVShop_B01ID,int,Person number of main food shopper in household,1,1,1,1,1,1,1,1,1,1,1,0,0,0,0,0,0,0,0,0,0,0,0,2013 - dropped,,,,,,,,,,,,,
Household,BlueBdg_B01ID,int,Does anyone in household have a blue badge,0,0,0,0,0,0,1,1,1,1,1,1,1,1,1,1,1,1,1,1,1,1,1,,,,,,,,,,,,,,
Household,Settlement2011EW_B03ID,int,ONS Rural-Urban Classification of residence - 2011 Census -  summary - 3 categories,1,1,1,1,1,1,1,1,1,1,1,1,1,1,1,1,1,1,1,1,1,1,0,This variable was brought into the database on an adhoc basis.;2013 - new variable in processing. 2024 - dropped,,,,,,,,,,,,,
Household,Settlement2011EW_B04ID,int,ONS Rural-Urban Classification of residence - 2011 Census -  summary - 5 categories,1,1,1,1,1,1,1,1,1,1,1,1,1,1,1,1,1,1,1,1,1,1,0,This variable was brought into the database on an adhoc basis.;2013 - new variable in processing. 2024 - dropped,,,,,,,,,,,,,
Household,Settlement2021EW_B01ID,int,ONS Rural-Urban Classification of residence - 2021 Census - summary -  6 categories,0,0,0,0,0,0,0,0,0,0,0,0,0,0,0,0,0,0,0,0,0,0,1,This variable was brought into the database on an adhoc basis.;2024 - new variable in processing,,,,,,,,,,,,,
Household,Settlement2021EW_B02ID,int,ONS Rural-Urban Classification of residence - 2021 Census -  summary - 3 categories,0,0,0,0,0,0,0,0,0,0,0,0,0,0,0,0,0,0,0,0,0,0,1,This variable was brought into the database on an adhoc basis.;2024 - new variable in processing,,,,,,,,,,,,,
Household,Settlement2021EW_B03ID,int,ONS Rural-Urban Classification of residence - 2021 Census -  summary - 2 categories,0,0,0,0,0,0,0,0,0,0,0,0,0,0,0,0,0,0,0,0,0,0,1,This variable was brought into the database on an adhoc basis.;2024 - new variable in processing,,,,,,,,,,,,,
Household,Online_B01ID,int,Does your household have access to the internet,0,0,0,0,0,0,0,1,1,1,1,0,0,0,0,0,0,0,0,0,0,0,0,2013 - Dropped and replaced with OnlineN_B01ID,,,,,,,,,,,,,
Household,TrainSat_B01ID,int,How satisfied are you with train / underground / metro / light rail / tram services,0,0,0,0,0,0,0,1,1,1,1,1,1,1,1,0,0,0,0,0,0,0,0,2017 - dropped,,,,,,,,,,,,,
Household,DelMeth_B01ID,int,"Method of delivery for last item ordered by phone, post or internet",0,0,0,0,0,0,0,1,0,0,0,0,0,0,0,0,0,0,0,0,0,0,0,Dropped and replaced with DelMethN_B01ID,,,,,,,,,,,,,
Household,DelVisit_B01ID,int,"Prior visit to shop to view select item which was last ordered by phone, post or internet",0,0,0,0,0,0,0,1,1,1,1,0,0,0,0,0,0,0,0,0,0,0,0,2011 - new category 4 'Not applicable to item' added to question,,,,,,,,,,,,,
Household,Howspec_B01ID,int,"If not ordered by phone, post or internet would a specific trip been made to get selected item",0,0,0,0,0,0,0,1,1,1,1,0,0,0,0,0,0,0,0,0,0,0,0,2010 - amendment was only to rename one of the categories,,,,,,,,,,,,,
Household,TravSpec_B01ID,int,"If not ordered by phone, post or internet would what mode of transport would be used to get selected item",0,0,0,0,0,0,0,1,1,1,1,0,0,0,0,0,0,0,0,0,0,0,0,,,,,,,,,,,,,,
Household,HowBN_B01ID,int,How would you have bought these goods otherwise,0,0,0,0,0,0,0,1,1,1,1,0,0,0,0,0,0,0,0,0,0,0,0,Replaces HowB_B01ID,,,,,,,,,,,,,
Household,Pavement_B01ID,int,How would you rate the condition of the pavement where you live,1,1,1,0,0,0,0,0,1,1,1,1,1,1,1,0,0,0,0,0,0,0,0,2011 - All households asked question (subsample only asked in 2010);2017 - dropped,,,,,,,,,,,,,
Household,CycLane_B01ID,int,How would you rate the provision of the cycle lanes in your area,1,1,1,0,0,0,0,0,1,1,1,1,1,1,1,0,0,0,0,0,0,0,0,2011 - All households asked question (subsample only asked in 2010);2017 - dropped,,,,,,,,,,,,,
Household,DelMethN_B01ID,int,"Method of delivery for last item ordered by phone, post or internet - 2010 onwards",0,0,0,0,0,0,0,0,1,1,1,0,0,0,0,0,0,0,0,0,0,0,0,Replaces DelMeth_B01ID;2013 - dropped,,,,,,,,,,,,,
Household,BusStandard_B01ID,int,Bus availability standard (walk <= 13 minutes and frequency >= 1 an hour),1,1,1,1,1,1,1,1,1,1,1,0,0,0,0,0,0,0,0,0,0,0,0,2013 - dropped,,,,,,,,,,,,,
Household,OnlineN_B01ID,int,Does your household have access to the internet,0,0,0,0,0,0,0,0,0,0,0,1,1,1,1,1,1,1,1,1,1,1,1,Replaces Online_B01ID,,,,,,,,,,,,,
Household,SelPer_B01ID,int,Person number of respondent who answered the household questions,0,0,0,0,0,0,0,0,0,0,0,1,1,1,1,1,1,1,1,1,1,1,1,2013 - new variable,,,,,,,,,,,,,
Household,HHoldFdShp_B01ID,int,How do you usually carry out the main food shopping,0,0,0,0,0,0,0,0,0,0,0,1,1,1,1,1,1,1,0,1,0,1,0,Moved from Individual table in 2013. Rotated from 2019,,,,,,,,,,,,,
Household,HHoldFdFreq_B01ID,int,How often do you travel to the shops to buy food or drink for the home,0,0,0,0,0,0,0,0,0,0,0,1,1,1,1,1,1,1,0,0,0,0,0,Moved from Individual table in 2013. Rotated from 2019. Dropped from 2023,,,,,,,,,,,,,
Household,HHoldOAClass2011_B03ID,int,2011 Census Output Area Classification - Supergroup - 8 bands,0,0,0,0,0,0,0,0,0,0,0,0,1,1,1,1,0,0,0,0,0,0,0,2014 - new variable,,,,,,,,,,,,,
Household,Landlord_B01ID,int,Who is your landlord?,0,0,0,0,0,0,0,0,0,0,0,0,0,0,0,1,0,0,0,0,0,0,0,2017 - new variable,,,,,,,,,,,,,
Household,F2FPhone_B01ID,int,Interview mode,0,0,0,0,0,0,0,0,0,0,0,0,0,0,0,0,0,0,0,0,1,1,1,2022 - new variable,,,,,,,,,,,,,
Household,HLongAN_B01ID,int,How long lived at address,0,0,0,0,0,0,0,0,0,0,0,0,0,0,0,0,0,0,0,0,0,0,1,2024 - new variable. Replaces HLongA_B01ID,,,,,,,,,,,,,
Household,Deliv1_B01ID,int,"How often had food items delivered which were ordered online, over the phone or by post",0,0,0,0,0,0,0,0,0,0,0,0,0,0,0,0,0,0,0,0,0,0,1,2024 - new variable,,,,,,,,,,,,,
Household,Deliv2_B01ID,int,"How often had non-food shopping items delivered which were ordered online, over the phone or by post",0,0,0,0,0,0,0,0,0,0,0,0,0,0,0,0,0,0,0,0,0,0,1,2024 - new variable,,,,,,,,,,,,,
Household,W0,int,Unweighted interview sample,1,1,1,1,1,1,1,1,1,1,1,1,1,1,1,1,1,1,1,1,1,1,1,,,,,,,,,,,,,,
Household,W1,int,Unweighted diary sample,1,1,1,1,1,1,1,1,1,1,1,1,1,1,1,1,1,1,1,1,1,1,1,,,,,,,,,,,,,,
Household,W2,decimal,Weighted diary sample,1,1,1,1,1,1,1,1,1,1,1,1,1,1,1,1,1,1,1,1,1,1,1,,,,,,,,,,,,,,
Household,W3,decimal,Weighted interview sample,1,1,1,1,1,1,1,1,1,1,1,1,1,1,1,1,1,1,1,1,1,1,1,,,,,,,,,,,,,,
Household,HHIncQDS2008_B01ID,int,Household Income Quintiles - Diary Sample 2008,0,0,0,0,0,0,1,0,0,0,0,0,0,0,0,0,0,0,0,0,0,0,0,,,,,,,,,,,,,,
Household,HHIncQIS2008_B01ID,int,Household Income Quintiles - Interview Sample 2008,0,0,0,0,0,0,1,0,0,0,0,0,0,0,0,0,0,0,0,0,0,0,0,,,,,,,,,,,,,,
Household,HHIncQDS2008Eng_B01ID,int,Household Income Quintiles - England households - Diary Sample 2008,0,0,0,0,0,0,1,0,0,0,0,0,0,0,0,0,0,0,0,0,0,0,0,,,,,,,,,,,,,,
Household,HHIncQIS2008Eng_B01ID,int,Household Income Quintiles - England households - Interview Sample 2008,0,0,0,0,0,0,1,0,0,0,0,0,0,0,0,0,0,0,0,0,0,0,0,,,,,,,,,,,,,,
Household,HHIncQDS2009_B01ID,int,Household Income Quintiles - Diary Sample 2009,0,0,0,0,0,0,0,1,0,0,0,0,0,0,0,0,0,0,0,0,0,0,0,,,,,,,,,,,,,,
Household,HHIncQIS2009_B01ID,int,Household Income Quintiles - Interview Sample 2009,0,0,0,0,0,0,0,1,0,0,0,0,0,0,0,0,0,0,0,0,0,0,0,,,,,,,,,,,,,,
Household,HHIncQDS2009Eng_B01ID,int,Household Income Quintiles - England households - Diary Sample 2009,0,0,0,0,0,0,0,1,0,0,0,0,0,0,0,0,0,0,0,0,0,0,0,,,,,,,,,,,,,,
Household,HHIncQIS2009Eng_B01ID,int,Household Income Quintiles - England households - Interview Sample 2009,0,0,0,0,0,0,0,1,0,0,0,0,0,0,0,0,0,0,0,0,0,0,0,,,,,,,,,,,,,,
Household,HHIncQDS2010_B01ID,int,Household Income Quintiles - Diary Sample 2010,0,0,0,0,0,0,0,0,1,0,0,0,0,0,0,0,0,0,0,0,0,0,0,,,,,,,,,,,,,,
Household,HHIncQIS2010_B01ID,int,Household Income Quintiles - Interview Sample 2010,0,0,0,0,0,0,0,0,1,0,0,0,0,0,0,0,0,0,0,0,0,0,0,,,,,,,,,,,,,,
Household,HHIncQDS2010Eng_B01ID,int,Household Income Quintiles - England households - Diary Sample 2010,0,0,0,0,0,0,0,0,1,0,0,0,0,0,0,0,0,0,0,0,0,0,0,,,,,,,,,,,,,,
Household,HHIncQIS2010Eng_B01ID,int,Household Income Quintiles - England households - Interview Sample 2010,0,0,0,0,0,0,0,0,1,0,0,0,0,0,0,0,0,0,0,0,0,0,0,,,,,,,,,,,,,,
Household,HHIncQDS2011_B01ID,int,Household Income Quintiles - Diary Sample 2011,0,0,0,0,0,0,0,0,0,1,0,0,0,0,0,0,0,0,0,0,0,0,0,,,,,,,,,,,,,,
Household,HHIncQIS2011_B01ID,int,Household Income Quintiles - Interview Sample 2011,0,0,0,0,0,0,0,0,0,1,0,0,0,0,0,0,0,0,0,0,0,0,0,,,,,,,,,,,,,,
Household,HHIncQDS2011Eng_B01ID,int,Household Income Quintiles - England households - Diary Sample 2011,0,0,0,0,0,0,0,0,0,1,0,0,0,0,0,0,0,0,0,0,0,0,0,,,,,,,,,,,,,,
Household,HHIncQIS2011Eng_B01ID,int,Household Income Quintiles - England households - Interview Sample 2011,0,0,0,0,0,0,0,0,0,1,0,0,0,0,0,0,0,0,0,0,0,0,0,,,,,,,,,,,,,,
Household,HHIncQDS2012_B01ID,int,Household Income Quintiles - Diary Sample 2012,0,0,0,0,0,0,0,0,0,0,1,0,0,0,0,0,0,0,0,0,0,0,0,,,,,,,,,,,,,,
Household,HHIncQIS2012_B01ID,int,Household Income Quintiles - Interview Sample 2012,0,0,0,0,0,0,0,0,0,0,1,0,0,0,0,0,0,0,0,0,0,0,0,,,,,,,,,,,,,,
Household,HHIncQDS2012Eng_B01ID,int,Household Income Quintiles - England households - Diary Sample 2012,0,0,0,0,0,0,0,0,0,0,1,0,0,0,0,0,0,0,0,0,0,0,0,,,,,,,,,,,,,,
Household,HHIncQIS2012Eng_B01ID,int,Household Income Quintiles - England households - Interview Sample 2012,0,0,0,0,0,0,0,0,0,0,1,0,0,0,0,0,0,0,0,0,0,0,0,,,,,,,,,,,,,,
Household,HHIncQDS2013Eng_B01ID,int,Household Income Quintiles - England households - Diary Sample 2013,0,0,0,0,0,0,0,0,0,0,0,1,0,0,0,0,0,0,0,0,0,0,0,,,,,,,,,,,,,,
Household,HHIncQIS2013Eng_B01ID,int,Household Income Quintiles - England households - interview Sample 2013,0,0,0,0,0,0,0,0,0,0,0,1,0,0,0,0,0,0,0,0,0,0,0,,,,,,,,,,,,,,
Household,HHIncQDS2014Eng_B01ID,int,Household Income Quintiles - England households - Diary Sample 2014,0,0,0,0,0,0,0,0,0,0,0,0,1,0,0,0,0,0,0,0,0,0,0,,,,,,,,,,,,,,
Household,HHIncQIS2014Eng_B01ID,int,Household Income Quintiles - England households - interview Sample 2014,0,0,0,0,0,0,0,0,0,0,0,0,1,0,0,0,0,0,0,0,0,0,0,,,,,,,,,,,,,,
Household,HHIncQDS2015Eng_B01ID,int,Household Income Quintiles - England households - Diary Sample 2015,0,0,0,0,0,0,0,0,0,0,0,0,0,1,0,0,0,0,0,0,0,0,0,,,,,,,,,,,,,,
Household,HHIncQIS2015Eng_B01ID,int,Household Income Quintiles - England households - interview Sample 2015,0,0,0,0,0,0,0,0,0,0,0,0,0,1,0,0,0,0,0,0,0,0,0,,,,,,,,,,,,,,
Household,HHIncQDS2016Eng_B01ID,int,Household Income Quintiles - England households - Diary Sample 2016,0,0,0,0,0,0,0,0,0,0,0,0,0,0,1,0,0,0,0,0,0,0,0,,,,,,,,,,,,,,
Household,HHIncQIS2016Eng_B01ID,int,Household Income Quintiles - England households - interview Sample 2016,0,0,0,0,0,0,0,0,0,0,0,0,0,0,1,0,0,0,0,0,0,0,0,,,,,,,,,,,,,,
Household,HHIncQDS2017Eng_B01ID,int,Household Income Quintiles - England households - Diary Sample 2017,0,0,0,0,0,0,0,0,0,0,0,0,0,0,0,1,0,0,0,0,0,0,0,,,,,,,,,,,,,,
Household,HHIncQIS2017Eng_B01ID,int,Household Income Quintiles - England households - interview Sample 2017,0,0,0,0,0,0,0,0,0,0,0,0,0,0,0,1,0,0,0,0,0,0,0,,,,,,,,,,,,,,
Household,HHIncQDS2018Eng_B01ID,int,Household Income Quintiles - England households - Diary Sample 2018,0,0,0,0,0,0,0,0,0,0,0,0,0,0,0,0,1,0,0,0,0,0,0,,,,,,,,,,,,,,
Household,HHIncQIS2018Eng_B01ID,int,Household Income Quintiles - England households - interview Sample 2018,0,0,0,0,0,0,0,0,0,0,0,0,0,0,0,0,1,0,0,0,0,0,0,,,,,,,,,,,,,,
Household,HHIncQDS2019Eng_B01ID,int,Household Income Quintiles - England households - Diary Sample 2019,0,0,0,0,0,0,0,0,0,0,0,0,0,0,0,0,0,1,0,0,0,0,0,,,,,,,,,,,,,,
Household,HHIncQIS2019Eng_B01ID,int,Household Income Quintiles - England households - interview Sample 2019,0,0,0,0,0,0,0,0,0,0,0,0,0,0,0,0,0,1,0,0,0,0,0,,,,,,,,,,,,,,
Household,HHIncQDS2020Eng_B01ID,int,Household Income Quintiles - England households - Diary Sample 2020,0,0,0,0,0,0,0,0,0,0,0,0,0,0,0,0,0,0,1,0,0,0,0,,,,,,,,,,,,,,
Household,HHIncQIS2020Eng_B01ID,int,Household Income Quintiles - England households - interview Sample 2020,0,0,0,0,0,0,0,0,0,0,0,0,0,0,0,0,0,0,1,0,0,0,0,,,,,,,,,,,,,,
Household,HHIncQDS2021Eng_B01ID,int,Household Income Quintiles - England households - Diary Sample 2021,0,0,0,0,0,0,0,0,0,0,0,0,0,0,0,0,0,0,0,1,0,0,0,,,,,,,,,,,,,,
Household,HHIncQIS2021Eng_B01ID,int,Household Income Quintiles - England households - interview Sample 2021,0,0,0,0,0,0,0,0,0,0,0,0,0,0,0,0,0,0,0,1,0,0,0,,,,,,,,,,,,,,
Household,HHIncQDS2022Eng_B01ID,int,Household Income Quintiles - England households - Diary Sample 2022,0,0,0,0,0,0,0,0,0,0,0,0,0,0,0,0,0,0,0,0,1,0,0,,,,,,,,,,,,,,
Household,HHIncQIS2022Eng_B01ID,int,Household Income Quintiles - England households - interview Sample 2022,0,0,0,0,0,0,0,0,0,0,0,0,0,0,0,0,0,0,0,0,1,0,0,,,,,,,,,,,,,,
Household,HHIncQDS2023Eng_B01ID,int,Household Income Quintiles - England households - Diary Sample 2023,0,0,0,0,0,0,0,0,0,0,0,0,0,0,0,0,0,0,0,0,0,1,0,,,,,,,,,,,,,,
Household,HHIncQIS2023Eng_B01ID,int,Household Income Quintiles - England households - interview Sample 2023,0,0,0,0,0,0,0,0,0,0,0,0,0,0,0,0,0,0,0,0,0,1,0,,,,,,,,,,,,,,
Household,HHIncQDS2024Eng_B01ID,int,Household Income Quintiles - England households - Diary Sample 2024,0,0,0,0,0,0,0,0,0,0,0,0,0,0,0,0,0,0,0,0,0,0,1,,,,,,,,,,,,,,
Household,HHIncQIS2024Eng_B01ID,int,Household Income Quintiles - England households - interview Sample 2024,0,0,0,0,0,0,0,0,0,0,0,0,0,0,0,0,0,0,0,0,0,0,1,,,,,,,,,,,,,,
Household,HHIncQDSEngTS_B01ID,int,Household Income Quintiles - England households - Diary Sample Time Series,1,1,1,1,1,1,1,1,1,1,1,1,1,1,1,1,1,1,1,1,1,1,1,,,,,,,,,,,,,,
Household,HHIncQISEngTS_B01ID,int,Household Income Quintiles - England households - interview Sample Time Series,1,1,1,1,1,1,1,1,1,1,1,1,1,1,1,1,1,1,1,1,1,1,1,,,,,,,,,,,,,,
Household,WalkTimeGP_B01ID,int,Walk distance to doctor - banded time,1,1,1,0,0,0,0,0,0,0,0,0,0,0,0,0,0,0,0,0,0,0,0,1995 - 2007 rotated question,,,,,,,,,,,,,
Household,BusTimeGP_B01ID,int,Bus distance to Doctor - banded time,1,1,1,0,0,0,0,0,0,0,0,0,0,0,0,0,0,0,0,0,0,0,0,1995 - 2007 rotated question,,,,,,,,,,,,,
Household,WalkTimePO_B01ID,int,Walk distance to nearest Post Office - banded time,1,1,1,0,0,0,0,0,0,0,0,0,0,0,0,0,0,0,0,0,0,0,0,1995 - 2007 rotated question,,,,,,,,,,,,,
Household,BusTimePO_B01ID,int,Bus distance to nearest Post Office - banded time,1,1,1,0,0,0,0,0,0,0,0,0,0,0,0,0,0,0,0,0,0,0,0,1995 - 2007 rotated question,,,,,,,,,,,,,
Household,WalkTimeChem_B01ID,int,Walk distance to nearest Chemist - banded time,1,1,1,0,0,0,0,0,0,0,0,0,0,0,0,0,0,0,0,0,0,0,0,1995 - 2007 rotated question,,,,,,,,,,,,,
Household,BusTimeChem_B01ID,int,Bus distance to nearest Chemist - banded time,1,1,1,0,0,0,0,0,0,0,0,0,0,0,0,0,0,0,0,0,0,0,0,1995 - 2007 rotated question,,,,,,,,,,,,,
Household,WalkTimeGroc_B01ID,int,Walk distance to nearest Food Store - banded time,1,1,1,0,0,0,0,0,0,0,0,0,0,0,0,0,0,0,0,0,0,0,0,1995 - 2007 rotated question,,,,,,,,,,,,,
Household,BusTimeGroc_B01ID,int,Bus distance to nearest Food Shop - banded time,1,1,1,0,0,0,0,0,0,0,0,0,0,0,0,0,0,0,0,0,0,0,0,1995 - 2007 rotated question,,,,,,,,,,,,,
Household,WalkTimeShopC_B01ID,int,Walk distance to nearest Shopping Centre - banded time,1,1,1,0,0,0,0,0,0,0,0,0,0,0,0,0,0,0,0,0,0,0,0,1995 - 2007 rotated question,,,,,,,,,,,,,
Household,BusTimeShopC_B01ID,int,Bus distance to nearest Shopping Centre - banded time,1,1,1,0,0,0,0,0,0,0,0,0,0,0,0,0,0,0,0,0,0,0,0,1995 - 2007 rotated question,,,,,,,,,,,,,
Household,WalkTimeHosp_B01ID,int,Walk distance to nearest General Hospital - banded time,1,1,1,0,0,0,0,0,0,0,0,0,0,0,0,0,0,0,0,0,0,0,0,1995 - 2007 rotated question,,,,,,,,,,,,,
Household,BusTimeHosp_B01ID,int,Bus distance to nearest General Hospital - banded time,1,1,1,0,0,0,0,0,0,0,0,0,0,0,0,0,0,0,0,0,0,0,0,1995 - 2007 rotated question,,,,,,,,,,,,,
Household,HHIncQIS2002_B01ID,int,Household Income Quintiles - Interview Sample 2002,1,0,0,0,0,0,0,0,0,0,0,0,0,0,0,0,0,0,0,0,0,0,0,,,,,,,,,,,,,,
Household,HHIncQDS2002_B01ID,int,Household Income Quintiles - Diary Sample 2002,1,0,0,0,0,0,0,0,0,0,0,0,0,0,0,0,0,0,0,0,0,0,0,,,,,,,,,,,,,,
Household,HHIncQIS2002Eng_B01ID,int,Household Income Quintiles - England households - Interview Sample 2002,1,0,0,0,0,0,0,0,0,0,0,0,0,0,0,0,0,0,0,0,0,0,0,,,,,,,,,,,,,,
Household,HHIncQDS2002Eng_B01ID,int,Household Income Quintiles - England households - Diary Sample 2002,1,0,0,0,0,0,0,0,0,0,0,0,0,0,0,0,0,0,0,0,0,0,0,,,,,,,,,,,,,,
Household,HHIncQIS2003_B01ID,int,Household Income Quintiles - Interview Sample 2003,0,1,0,0,0,0,0,0,0,0,0,0,0,0,0,0,0,0,0,0,0,0,0,,,,,,,,,,,,,,
Household,HHIncQDS2003_B01ID,int,Household Income Quintiles - Diary Sample 2003,0,1,0,0,0,0,0,0,0,0,0,0,0,0,0,0,0,0,0,0,0,0,0,,,,,,,,,,,,,,
Household,HHIncQIS2003Eng_B01ID,int,Household Income Quintiles - England households - Interview Sample 2003,0,1,0,0,0,0,0,0,0,0,0,0,0,0,0,0,0,0,0,0,0,0,0,,,,,,,,,,,,,,
Household,HHIncQDS2003Eng_B01ID,int,Household Income Quintiles - England households - Diary Sample 2003,0,1,0,0,0,0,0,0,0,0,0,0,0,0,0,0,0,0,0,0,0,0,0,,,,,,,,,,,,,,
Household,HHIncQIS2004_B01ID,int,Household Income Quintiles - Interview Sample 2004,0,0,1,0,0,0,0,0,0,0,0,0,0,0,0,0,0,0,0,0,0,0,0,,,,,,,,,,,,,,
Household,HHIncQDS2004_B01ID,int,Household Income Quintiles - Diary Sample 2004,0,0,1,0,0,0,0,0,0,0,0,0,0,0,0,0,0,0,0,0,0,0,0,,,,,,,,,,,,,,
Household,HHIncQIS2004Eng_B01ID,int,Household Income Quintiles - England households - Interview Sample 2004,0,0,1,0,0,0,0,0,0,0,0,0,0,0,0,0,0,0,0,0,0,0,0,,,,,,,,,,,,,,
Household,HHIncQDS2004Eng_B01ID,int,Household Income Quintiles - England households - Diary Sample 2004,0,0,1,0,0,0,0,0,0,0,0,0,0,0,0,0,0,0,0,0,0,0,0,,,,,,,,,,,,,,
Household,HHIncQIS2005_B01ID,int,Household Income Quintiles - Interview Sample 2005,0,0,0,1,0,0,0,0,0,0,0,0,0,0,0,0,0,0,0,0,0,0,0,,,,,,,,,,,,,,
Household,HHIncQDS2005_B01ID,int,Household Income Quintiles - Diary Sample 2005,0,0,0,1,0,0,0,0,0,0,0,0,0,0,0,0,0,0,0,0,0,0,0,,,,,,,,,,,,,,
Household,HHIncQIS2005Eng_B01ID,int,Household Income Quintiles - England households - Interview Sample 2005,0,0,0,1,0,0,0,0,0,0,0,0,0,0,0,0,0,0,0,0,0,0,0,,,,,,,,,,,,,,
Household,HHIncQDS2005Eng_B01ID,int,Household Income Quintiles - England households - Diary Sample 2005,0,0,0,1,0,0,0,0,0,0,0,0,0,0,0,0,0,0,0,0,0,0,0,,,,,,,,,,,,,,
Household,HHIncQIS2006_B01ID,int,Household Income Quintiles - Interview Sample 2006,0,0,0,0,1,0,0,0,0,0,0,0,0,0,0,0,0,0,0,0,0,0,0,,,,,,,,,,,,,,
Household,HHIncQDS2006_B01ID,int,Household Income Quintiles - Diary Sample 2006,0,0,0,0,1,0,0,0,0,0,0,0,0,0,0,0,0,0,0,0,0,0,0,,,,,,,,,,,,,,
Household,HHIncQIS2006Eng_B01ID,int,Household Income Quintiles - England households - Interview Sample 2006,0,0,0,0,1,0,0,0,0,0,0,0,0,0,0,0,0,0,0,0,0,0,0,,,,,,,,,,,,,,
Household,HHIncQDS2006Eng_B01ID,int,Household Income Quintiles - England households - Diary Sample 2006,0,0,0,0,1,0,0,0,0,0,0,0,0,0,0,0,0,0,0,0,0,0,0,,,,,,,,,,,,,,
Household,HHIncQIS2007_B01ID,int,Household Income Quintiles - Interview Sample 2007,0,0,0,0,0,1,0,0,0,0,0,0,0,0,0,0,0,0,0,0,0,0,0,,,,,,,,,,,,,,
Household,HHIncQDS2007_B01ID,int,Household Income Quintiles - Diary Sample 2007,0,0,0,0,0,1,0,0,0,0,0,0,0,0,0,0,0,0,0,0,0,0,0,,,,,,,,,,,,,,
Household,HHIncQIS2007Eng_B01ID,int,Household Income Quintiles - England households - Interview Sample 2007,0,0,0,0,0,1,0,0,0,0,0,0,0,0,0,0,0,0,0,0,0,0,0,,,,,,,,,,,,,,
Household,HHIncQDS2007Eng_B01ID,int,Household Income Quintiles - England households - Diary Sample 2007,0,0,0,0,0,0,0,0,0,0,0,0,0,0,0,0,0,0,0,0,0,0,0,,,,,,,,,,,,,,
Attitudes,AttitudesID,int,Attitudes unique ID - created in SQL,0,0,0,0,0,0,0,0,0,0,0,0,0,0,1,1,1,1,1,1,1,1,1,2016 - new variable,,,,,,,,,,,,,
Attitudes,IndividualID,Int,Individual unique ID - created in SQL,0,0,0,0,0,0,0,0,0,0,0,0,0,0,1,1,1,1,1,1,1,1,1,2016 - new variable,,,,,,,,,,,,,
Attitudes,HouseholdID,int,Household unique ID - Created in SQL,0,0,0,0,0,0,0,0,0,0,0,0,0,0,1,1,1,1,1,1,1,1,1,2016 - new variable,,,,,,,,,,,,,
Attitudes,PSUID,int,PSU unique ID - Created in SQL,0,0,0,0,0,0,0,0,0,0,0,0,0,0,1,1,1,1,1,1,1,1,1,2016 - new variable,,,,,,,,,,,,,
Attitudes,PersNo,int,Person number within the household                                                   ,0,0,0,0,0,0,0,0,0,0,0,0,0,0,1,1,1,1,1,1,1,1,1,2016 - new variable,,,,,,,,,,,,,
Attitudes,SCTrain_B01ID,int,Overall how satisfied or dissatisfied are you with train services?,0,0,0,0,0,0,0,0,0,0,0,0,0,0,1,1,1,1,1,1,1,1,1,2016 - new variable,,,,,,,,,,,,,
Attitudes,SCTraRe_B01ID,int,How satisfied or dissatisfied are you with the reliability of trains?,0,0,0,0,0,0,0,0,0,0,0,0,0,0,1,1,1,1,1,1,1,1,1,2016 - new variable,,,,,,,,,,,,,
Attitudes,SCTraFr_B01ID,int,How satisfied or dissatisfied are you with the frequency of trains?,0,0,0,0,0,0,0,0,0,0,0,0,0,0,1,1,1,1,1,1,1,1,1,2016 - new variable,,,,,,,,,,,,,
Attitudes,SCBus_B01ID,int,Overall how satisfied or dissatisfied are you with local bus services?,0,0,0,0,0,0,0,0,0,0,0,0,0,0,1,1,1,1,1,1,1,1,1,2016 - new variable,,,,,,,,,,,,,
Attitudes,SCBusRe_B01ID,int,How satisfied or dissatisfied are you with the reliability of local buses?,0,0,0,0,0,0,0,0,0,0,0,0,0,0,1,1,1,1,1,1,1,1,1,2016 - new variable,,,,,,,,,,,,,
Attitudes,SCBusFr_B01ID,int,How satisfied or dissatisfied are you with the frequency of local buses?,0,0,0,0,0,0,0,0,0,0,0,0,0,0,1,1,1,1,1,1,1,1,1,2016 - new variable,,,,,,,,,,,,,
Attitudes,SCMajRd_B01ID,int,How satisfied or dissatisfied are you with motorways and these major A roads?,0,0,0,0,0,0,0,0,0,0,0,0,0,0,1,1,1,1,1,1,1,1,1,2016 - new variable,,,,,,,,,,,,,
Attitudes,SCLocRd_B01ID,int,Overall how satisfied or dissatisfied are you with your local roads?,0,0,0,0,0,0,0,0,0,0,0,0,0,0,1,1,1,1,1,1,1,1,1,2016 - new variable,,,,,,,,,,,,,
Attitudes,SCCycle_B01ID,int,Overall how satisfied or dissatisfied are you with provision for cycling in your local area?,0,0,0,0,0,0,0,0,0,0,0,0,0,0,1,1,1,1,1,1,1,1,1,2016 - new variable,,,,,,,,,,,,,
Attitudes,SCWalk_B01ID,int,Overall how satisfied or dissatisfied are you with provision for walking in your local area?,0,0,0,0,0,0,0,0,0,0,0,0,0,0,1,1,1,1,1,1,1,1,1,2016 - new variable,,,,,,,,,,,,,
Attitudes,W6,int,Self-completion weight,0,0,0,0,0,0,0,0,0,0,0,0,0,0,0,1,1,1,1,1,1,1,1,2017 - new variable,,,,,,,,,,,,,
Vehicle,VehicleID,int,Vehicle unique ID - Created in SQL,0,0,0,0,0,0,1,1,1,1,1,1,1,1,1,1,1,1,1,1,1,1,1,,,,,,,,,,,,,,
Vehicle,HouseholdID,int,Household unique ID - Created in SQL,0,0,0,0,0,0,1,1,1,1,1,1,1,1,1,1,1,1,1,1,1,1,1,,,,,,,,,,,,,,
Vehicle,PSUID,int,PSU unique ID - Created in SQL,0,0,0,0,0,0,1,1,1,1,1,1,1,1,1,1,1,1,1,1,1,1,1,,,,,,,,,,,,,,
Vehicle,IndividualID,int,Individual unique ID of the main driver - Created in SQL,0,0,0,0,0,0,1,1,1,1,1,1,1,1,1,1,1,1,1,1,1,1,1,,,,,,,,,,,,,,
Vehicle,VehNo,int,Reference number given to vehicle within household,0,0,0,0,0,0,1,1,1,1,1,1,1,1,1,1,1,1,1,1,1,1,1,,,,,,,,,,,,,,
Vehicle,VehMainDriv_B01ID,int,Person number in the household who is the main driver of vehicle,1,1,1,1,1,1,1,1,1,1,1,1,1,1,1,1,1,1,1,1,1,1,1,,,,,,,,,,,,,,
Vehicle,VehStatus_B01ID,int,When was the vehicle available for you to use,1,1,1,1,1,1,1,1,1,1,1,1,1,1,1,1,1,1,1,1,1,1,1,,,,,,,,,,,,,,
Vehicle,VehAvail_B01ID,int,Vehicle Availability                                             ,1,1,1,1,1,1,1,1,1,1,1,1,1,1,1,1,1,1,1,1,1,1,1,,,,,,,,,,,,,,
Vehicle,VehType_B03ID,int,Type of vehicle - 5 categories                                     ,1,1,1,1,1,1,1,1,1,1,1,1,1,1,1,1,1,1,1,1,1,1,1,,,,,,,,,,,,,,
Vehicle,VehMakeModel_B02ID,int,Vehicle length - 7 summary categories,1,1,1,1,1,1,1,1,1,1,1,0,0,0,0,0,0,0,0,0,0,0,0,,,,,,,,,,,,,,
Vehicle,DVLALength,int,Vehicle length from the DVLA database - mm - actual length,1,1,1,1,1,1,1,1,1,1,1,1,1,1,1,1,1,1,1,1,1,1,1,,,,,,,,,,,,,,
Vehicle,DVLALengthBand_B01ID,int,Vehicle length - 7 length and type categories,1,1,1,1,1,1,1,1,1,1,1,1,1,1,1,1,1,1,1,1,1,1,1,Corrected error in script 0460,,,,,,,,,,,,,
Vehicle,VehAge_B01ID,int,Vehicle age - banded age  - 13 categories,1,1,1,1,1,1,1,1,1,1,1,1,1,1,1,1,1,1,1,1,1,1,1,,,,,,,,,,,,,,
Vehicle,VehPropTypeTS_B01ID,int,Type of fuel used summary for time series purposes - 3 categories,1,1,1,1,1,1,1,1,1,1,1,1,1,1,1,1,1,1,1,1,1,1,1,This variable was brought into the database on an adhoc basis.;New in 2013 processing - copy of VehPropType_B02ID,,,,,,,,,,,,,
Vehicle,EngineCap,int,Engine Capacity - actual capacity,1,1,1,1,1,1,1,1,1,1,1,1,1,1,1,1,1,1,1,1,1,1,1,,,,,,,,,,,,,,
Vehicle,EngineCap_B01ID,int,Engine Capacity - banded capacity - 13 categories,1,1,1,1,1,1,1,1,1,1,1,1,1,1,1,1,1,1,1,1,1,1,1,,,,,,,,,,,,,,
Vehicle,EngineCap_B02ID,int,Engine Capacity - banded capacity - 2 categories,1,1,1,1,1,1,1,1,1,1,1,1,1,1,1,1,1,1,1,1,1,1,1,,,,,,,,,,,,,,
Vehicle,VehCO2Tax2008_B01ID,int,CO2 emissions - 2008 tax bandings,1,1,1,1,1,1,1,1,1,1,1,1,1,1,1,1,1,1,1,1,1,1,1,,,,,,,,,,,,,,
Vehicle,VehAnMileage,int,Estimate of annual vehicle mileage - actual mileage,1,1,1,1,1,1,1,1,1,1,1,1,1,1,1,1,1,1,1,1,1,1,1,,,,,,,,,,,,,,
Vehicle,VehAnMileage_B01ID,int,Estimate of annual vehicle mileage - banded mileage,1,1,1,1,1,1,1,1,1,1,1,1,1,1,1,1,1,1,1,1,1,1,1,,,,,,,,,,,,,,
Vehicle,VehTotMileage_B01ID,int,Vehicle's total mileage - banded mileage - from mileage card,1,1,1,1,1,1,1,1,1,1,1,1,1,1,1,1,1,1,1,1,1,1,1,,,,,,,,,,,,,,
Vehicle,VehWeekMileage_B01ID,int,Mileage in travel week - banded mileage - from milleage card - 13 categories,1,1,1,1,1,1,1,1,1,1,1,1,1,1,1,1,1,1,1,1,1,1,1,,,,,,,,,,,,,,
Vehicle,VehInelMileage_B01ID,int,Ineligible vehicle mileage - during travel week,1,1,1,1,1,1,1,1,1,1,1,1,1,1,1,1,1,1,1,1,1,1,1,,,,,,,,,,,,,,
Vehicle,VehInelReason_B01ID,int,Reasons for ineligible vehicle mileage - during travel week,1,1,1,1,1,1,1,1,1,1,1,1,1,1,1,1,1,1,1,1,1,1,1,,,,,,,,,,,,,,
Vehicle,VehEligMileage_B01ID,int,Eligible vehicle mileage - banded mileage - during travel week,1,1,1,1,1,1,1,1,1,1,1,1,1,1,1,1,1,1,1,1,1,1,1,,,,,,,,,,,,,,
Vehicle,VehMilesOutGB_B01ID,int,Mileage driven outside GB in the last year - banded mileage,1,1,1,1,1,1,1,0,1,0,1,0,1,0,1,0,1,0,1,0,1,0,1,1995 - 2007 rotated question,,,,,,,,,,,,,
Vehicle,VehPurpOutGB_B01ID,int,Main purpose of trip outside GB in the last year,1,1,1,1,1,1,1,0,1,0,1,0,1,0,1,0,1,0,1,0,1,0,1,1995 - 2007 rotated question,,,,,,,,,,,,,
Vehicle,VehRank_B01ID,int,Vehicle rank within household - based on annual mileage - coded rank,1,1,1,1,1,1,1,1,1,1,1,1,1,1,1,1,1,1,1,1,1,1,1,,,,,,,,,,,,,,
Vehicle,CompanyCar_B02ID,int,Company car summary - company and private car split,1,1,1,1,1,1,1,1,1,1,1,0,0,0,0,0,0,0,0,0,0,0,0,,,,,,,,,,,,,,
Vehicle,WhyVehNotUsed_B01ID,int,Why was vehicle not used in the travel week - 6 categories,1,1,1,1,1,1,1,1,1,1,1,1,1,1,1,1,1,1,1,1,1,1,1,,,,,,,,,,,,,,
Vehicle,WhyVehNotUsed_B02ID,int,Why was vehicle not used in the travel week - 2 categories,1,1,1,1,1,1,1,1,1,1,1,1,1,1,1,1,1,1,1,1,1,1,1,,,,,,,,,,,,,,
Vehicle,VehComMile,int,Annual vehicle commuting mileage - actual mileage,1,1,1,1,1,1,1,1,1,1,1,1,1,1,1,1,1,1,1,1,1,1,1,,,,,,,,,,,,,,
Vehicle,VehComMile_B01ID,int,Annual vehicle commuting mileage - banded mileage,1,1,1,1,1,1,1,1,1,1,1,1,1,1,1,1,1,1,1,1,1,1,1,,,,,,,,,,,,,,
Vehicle,VehBusMile,int,Annual vehicle business mileage - actual mileage,1,1,1,1,1,1,1,1,1,1,1,1,1,1,1,1,1,1,1,1,1,1,1,,,,,,,,,,,,,,
Vehicle,VehBusMile_B01ID,int,Annual vehicle business mileage - banded mileage,1,1,1,1,1,1,1,1,1,1,1,1,1,1,1,1,1,1,1,1,1,1,1,,,,,,,,,,,,,,
Vehicle,VehPriMile,int,Annual vehicle private mileage - actual mileage,1,1,1,1,1,1,1,1,1,1,1,1,1,1,1,1,1,1,1,1,1,1,1,,,,,,,,,,,,,,
Vehicle,VehPriMile_B01ID,int,Annual vehicle private mileage - banded mileage,1,1,1,1,1,1,1,1,1,1,1,1,1,1,1,1,1,1,1,1,1,1,1,,,,,,,,,,,,,,
Vehicle,VehParkLoc_B01ID,int,Overnight parking location of vehicle,1,1,0,0,0,1,1,1,1,1,1,0,1,0,1,0,1,0,1,0,1,0,1,Even years only from 2013,,,,,,,,,,,,,
Vehicle,CarOwn_B01ID,int,Private or company car ownership,1,1,1,1,1,1,1,1,1,1,1,1,1,1,1,1,1,1,1,1,1,1,1,,,,,,,,,,,,,,
Vehicle,VehSatNav_B01ID,int,Does vehicle have SATNAV,0,0,0,0,0,0,1,0,0,0,0,0,0,0,0,0,0,0,0,0,0,0,0,Dropped and replaced by VehSatNavN_B01ID,,,,,,,,,,,,,
Vehicle,VehSatNavN_B01ID,int,Does the vehicle have Satnav technology,0,0,0,0,0,0,0,1,1,1,1,1,1,1,1,1,0,0,0,0,0,0,0,Replaces VehSatNav_B01ID;Dropped in 2018,,,,,,,,,,,,,
Vehicle,BikeTyp2_B01ID,int,Type of bike,0,0,0,0,0,0,0,0,0,0,0,0,0,0,0,0,1,1,1,1,1,1,1,New in 2018,,,,,,,,,,,,,
Vehicle,TypeVcl3_B01ID,int,Type of vehicle,0,0,0,0,0,0,0,0,0,0,0,0,0,0,0,0,1,1,1,1,1,1,1,New in 2018,,,,,,,,,,,,,
Vehicle,AutMan_B01ID,int,Type of transmission of vehicle,0,0,0,0,0,0,0,0,0,0,0,0,0,0,0,0,1,1,1,1,1,1,1,New in 2018,,,,,,,,,,,,,
Vehicle,PrivVclOwn1_B01ID,int,Whether vehicle was new or used when first acquired ,0,0,0,0,0,0,0,0,0,0,0,0,0,0,0,0,0,0,0,0,0,0,1,New in 2024,,,,,,,,,,,,,
Vehicle,PrivVclOwn2_B01ID,int,Current ownership status of vehicle,0,0,0,0,0,0,0,0,0,0,0,0,0,0,0,0,0,0,0,0,0,0,1,New in 2024,,,,,,,,,,,,,
Vehicle,PrivVclOwn3_B01ID,int,How vehicle was paid for or acquired,0,0,0,0,0,0,0,0,0,0,0,0,0,0,0,0,0,0,0,0,0,0,1,New in 2024,,,,,,,,,,,,,
Vehicle,PrivVclOwn4_B01ID,int,How vehicle was leased before ownership,0,0,0,0,0,0,0,0,0,0,0,0,0,0,0,0,0,0,0,0,0,0,1,New in 2024,,,,,,,,,,,,,
Vehicle,PrivVclOwn5_B01ID,int,How vehicle was leased in another way,0,0,0,0,0,0,0,0,0,0,0,0,0,0,0,0,0,0,0,0,0,0,1,New in 2024,,,,,,,,,,,,,
Vehicle,DomCha_B01ID,int,Whether owns a domestic chargepoint for charging vehicle,0,0,0,0,0,0,0,0,0,0,0,0,0,0,0,0,0,0,0,0,0,0,1,New in 2024,,,,,,,,,,,,,
Vehicle,DCSma_B01ID,int,Whether domestic charger is a smart device,0,0,0,0,0,0,0,0,0,0,0,0,0,0,0,0,0,0,0,0,0,0,1,New in 2024,,,,,,,,,,,,,
Vehicle,VehCO2Bands_B01ID,int,CO2 DVLA bandings,1,1,1,1,1,1,1,1,1,1,1,1,1,1,1,1,1,1,1,1,1,1,1,Added in 2022 and repopulated from 2002,,,,,,,,,,,,,
Individual,IndividualID,int,Individual unique ID - Created in SQL,1,1,1,1,1,1,1,1,1,1,1,1,1,1,1,1,1,1,1,1,1,1,1,,,,,,,,,,,,,,
Individual,HouseholdID,int,Household unique ID - Created in SQL,1,1,1,1,1,1,1,1,1,1,1,1,1,1,1,1,1,1,1,1,1,1,1,,,,,,,,,,,,,,
Individual,PSUID,int,PSU unique ID - Created in SQL,1,1,1,1,1,1,1,1,1,1,1,1,1,1,1,1,1,1,1,1,1,1,1,,,,,,,,,,,,,,
Individual,VehicleID,int,Vehicle unique ID - Created in SQL,1,1,1,1,1,1,1,1,1,1,1,1,1,1,1,1,1,1,1,1,1,1,1,,,,,,,,,,,,,,
Individual,PersNo,int,Person number within the household                                                   ,1,1,1,1,1,1,1,1,1,1,1,1,1,1,1,1,1,1,1,1,1,1,1,,,,,,,,,,,,,,
Individual,Interview_B01ID,int,Was interview questions asked face to face or by proxy,1,1,1,1,1,1,1,1,1,1,1,1,1,1,1,1,1,1,1,0,0,0,0,,,,,,,,,,,,,,
Individual,Age_B01ID,int,Age of person - banded age - Band A - All ages - 21 categories                                          ,1,1,1,1,1,1,1,1,1,1,1,1,1,1,1,1,1,1,1,1,1,1,1,,,,,,,,,,,,,,
Individual,Age_B04ID,int,Age of person - banded age - Band D - All ages - 9 categories                                          ,1,1,1,1,1,1,1,1,1,1,1,1,1,1,1,1,1,1,1,1,1,1,1,,,,,,,,,,,,,,
Individual,Sex_B01ID,int,Sex of person                         ,1,1,1,1,1,1,1,1,1,1,1,1,1,1,1,1,1,1,1,1,1,1,1,,,,,,,,,,,,,,
Individual,OfPenAge_B01ID,int,Is the individual of state pension age,1,1,1,1,1,1,1,1,1,1,1,1,1,1,1,1,1,1,1,1,1,1,1,Variable now constructed by NatCen rather than derived from gender and age,,,,,,,,,,,,,
Individual,HRPRelation_B01ID,int,Relationship to Household Reference Person (HRP),1,1,1,1,1,1,1,1,1,1,1,1,1,1,1,1,1,1,1,1,1,1,1,,,,,,,,,,,,,,
Individual,MarStat_B01ID,int,Legal marital status,1,1,1,1,1,1,1,1,1,1,1,1,1,1,1,1,1,1,1,1,1,1,1,"MarStat_B01ID was dropped in 2009, however this kept by aggregating the new categories in MarStN_B01ID together",,,,,,,,,,,,,
Individual,LiveWith_B02ID,int,Living arrangements within household - 5 categories,1,1,1,1,1,1,1,1,1,1,1,1,1,1,1,1,1,1,1,1,1,1,1,,,,,,,,,,,,,,
Individual,EthGroupTS_B02ID,int,Ethnic Group for time series purposes - 2011 bandings - 2 categories,1,1,1,1,1,1,1,1,1,1,1,1,1,1,1,1,1,1,1,1,1,1,1,2011 - now using the new EthGrp2 to calculate,,,,,,,,,,,,,
Individual,EdAttn1_B01ID,int,Any certificated educational qualifications,0,0,0,1,1,1,1,1,1,1,1,1,1,1,1,1,1,1,1,1,1,1,1,,,,,,,,,,,,,,
Individual,EdAttn2_B01ID,int,Any certificated professional qualifications,0,0,0,1,1,1,1,1,1,1,1,1,1,1,1,1,1,1,1,1,1,1,1,,,,,,,,,,,,,,
Individual,EdAttn3_B01ID,int,What is the level of your highest qualification,0,0,0,1,1,1,1,1,1,1,1,1,1,1,1,0,0,0,0,0,0,0,0,2017 - Dropped and replaced by EdAttn4_B01ID,,,,,,,,,,,,,
Individual,LeaHous_B01ID,int,Did you leave the house yesterday,0,0,0,1,1,1,1,0,0,0,0,0,0,0,0,0,0,0,0,0,0,0,0,,,,,,,,,,,,,,
Individual,QLeaHous,int,How many times did you leave the house yesterday - actual number,0,0,0,1,1,1,1,0,0,0,0,0,0,0,0,0,0,0,0,0,0,0,0,,,,,,,,,,,,,,
Individual,NotLea_B01ID,int,Main reason for not leaving house yesterday,0,0,0,1,1,1,1,0,0,0,0,0,0,0,0,0,0,0,0,0,0,0,0,,,,,,,,,,,,,,
Individual,OrdBusFreq_B01ID,int,Frequency of bus use,1,1,1,1,1,1,1,1,1,1,1,1,1,1,1,1,1,0,0,0,0,0,0,2009 - rotated question now asked every year (1995 - 2007 rotated question);2019 - Dropped and replaced by OrdBus2Freq_B01ID,,,,,,,,,,,,,
Individual,CoachFreq_B01ID,int,Frequency of express bus or coach use,1,1,1,1,1,1,0,1,1,1,1,1,1,1,1,1,1,0,0,0,0,0,0,2009 - rotated question now asked every year (1995 - 2007 rotated question);2019 - Dropped and replaced by Coach2Freq_B01ID,,,,,,,,,,,,,
Individual,TrainFreq_B01ID,int,Frequency of surface rail use,1,1,1,1,1,1,0,1,1,1,1,1,1,1,1,1,1,0,0,0,0,0,0,2009 - rotated question now asked every year (1995 - 2007 rotated question);2019 - Dropped and replaced by Train2Freq_B01ID,,,,,,,,,,,,,
Individual,TaxiCabFreq_B01ID,int,Frequency of taxi or minicab use,1,1,1,1,1,1,0,1,1,1,1,1,1,1,1,1,1,0,0,0,0,0,0,2009 - rotated question now asked every year (1995 - 2007 rotated question);2019 - Dropped and replaced by TaxiCab2Freq_B01ID,,,,,,,,,,,,,
Individual,BicycleFreq_B01ID,int,Frequency of bicycle use,1,1,1,1,1,1,1,1,1,1,1,1,1,1,1,1,0,0,0,0,0,0,0,2011 - category 7 'less than that or never' dropped (1995 - 2007 rotated question);2018 - Dropped and replaced by Bicycle2Freq_B01ID,,,,,,,,,,,,,
Individual,PlaneFreq_B01ID,int,Frequency of internal air flights within GB,1,1,1,1,1,1,1,1,1,1,1,1,1,1,1,1,1,0,0,0,0,0,0,1995 - 2007 rotated question;2019 - Dropped and replaced by Plane2Freq_B01ID,,,,,,,,,,,,,
Individual,WalkFreq_B01ID,int,Frequency of walking,1,1,1,1,1,1,1,1,1,1,1,1,1,1,1,1,1,0,0,0,0,0,0,2019 - Dropped and replaced by Walk2Freq_B01ID,,,,,,,,,,,,,
Individual,WhWalk_B01ID,int,Where respondent walked on last walk of 20 minutes or more,1,1,1,1,1,1,1,0,0,0,0,0,0,0,0,0,0,0,0,0,0,0,0,,,,,,,,,,,,,,
Individual,FarWalk,int,Time last long walk took - minutes - actual time,1,1,1,1,1,1,1,0,0,0,0,0,0,0,0,0,0,0,0,0,0,0,0,,,,,,,,,,,,,,
Individual,FarWalk_B01ID,int,Time last long walk took - minutes - banded time,1,1,1,1,1,1,1,0,0,0,0,0,0,0,0,0,0,0,0,0,0,0,0,,,,,,,,,,,,,,
Individual,DistWalk,int,Distance of last long walk - miles - actual distance,1,1,1,1,1,1,1,0,0,0,0,0,0,0,0,0,0,0,0,0,0,0,0,,,,,,,,,,,,,,
Individual,DistWalk_B01ID,int,Distance of last long walk - miles - banded distance,1,1,1,1,1,1,1,0,0,0,0,0,0,0,0,0,0,0,0,0,0,0,0,,,,,,,,,,,,,,
Individual,HTrWalk_B01ID,int,Method of travel to start of last long walk,1,1,1,1,1,1,1,0,0,0,0,0,0,0,0,0,0,0,0,0,0,0,0,,,,,,,,,,,,,,
Individual,OwnCycle_B01ID,int,Own or use a bicycle,1,1,1,1,1,1,1,1,1,1,1,1,1,1,1,1,1,0,0,0,0,0,0,2019 - Dropped and replaced by OwnCycleN_B01ID,,,,,,,,,,,,,
Individual,Cycle12_B01ID,int,Ridden a bicycle in the last 12 months,1,1,1,1,1,1,1,1,1,1,1,1,1,1,1,1,1,1,1,1,1,1,1,,,,,,,,,,,,,,
Individual,CycRoute_B01ID,int,Where did you cycle,1,1,1,1,1,1,1,1,1,1,1,1,1,1,1,1,1,0,0,0,0,0,0,2019 - Dropped,,,,,,,,,,,,,
Individual,IntPlane,int,Number of international plane trips in last 12 months - actual number,0,0,0,0,1,1,1,1,1,1,1,1,1,1,1,1,1,1,1,1,1,1,1,,,,,,,,,,,,,,
Individual,IntPlane_B01ID,int,Number of international plane trips in last 12 months - banded number - 10 categories,0,0,0,0,1,1,1,1,1,1,1,1,1,1,1,1,1,1,1,1,1,1,1,,,,,,,,,,,,,,
Individual,CarPass_B01ID,int,Where usually seated when travelling by car,0,0,0,0,0,1,1,1,0,1,0,0,0,0,0,0,0,0,0,0,0,0,0,2009 - become a rotated question,,,,,,,,,,,,,
Individual,DrivLic_B02ID,int,Type of driving licence held - Summary banding - 3 categories,1,1,1,1,1,1,1,1,1,1,1,1,1,1,1,1,1,1,1,1,1,1,1,,,,,,,,,,,,,,
Individual,DrivExp_B01ID,int,Driving experience - banded years,1,1,1,1,1,1,1,1,1,1,1,1,1,1,1,1,1,1,1,1,1,1,1,2013 - New dependency CarOwn_B01ID,,,,,,,,,,,,,
Individual,CarAccess_B01ID,int,Access to car,1,1,1,1,1,1,1,1,1,1,1,1,1,1,1,1,1,1,1,1,1,1,1,2013 - New dependency CarOwn_B01ID,,,,,,,,,,,,,
Individual,CarAccess_B02ID,int,Access to a car - 4 category summary,1,1,1,1,1,1,1,1,1,1,1,1,1,1,1,1,1,1,1,1,1,1,1,,,,,,,,,,,,,,
Individual,DrivDisable_B01ID,int,Disabled drivers,1,1,1,1,1,1,1,1,1,1,1,1,1,1,1,1,1,1,1,1,1,1,1,,,,,,,,,,,,,,
Individual,LastDr_B01ID,int,Years since last drove - banded year,1,1,1,1,1,1,1,1,1,1,1,1,1,1,1,1,1,1,1,0,1,0,1,2020 - even years only,,,,,,,,,,,,,
Individual,PDrivSt_B01ID,int,Whether currently learning to drive,0,0,0,0,1,1,1,1,1,1,1,1,1,1,1,1,1,1,1,1,1,1,1,,,,,,,,,,,,,,
Individual,DrivLik_B01ID,int,Likely to learn to drive,0,0,0,0,1,1,1,1,1,1,1,1,1,1,1,1,1,1,0,1,0,1,0,2019 - odd years only,,,,,,,,,,,,,
Individual,ResNDrM_B01ID,int,Main reason for not wanting to drive,0,0,0,0,1,1,1,0,0,0,0,0,0,0,0,0,0,0,0,0,0,0,0,Dropped and replaced by ResNDnM_B01ID,,,,,,,,,,,,,
Individual,PBlueBdg_B01ID,int,Does individual have a blue badge,0,0,0,0,0,0,1,1,1,1,1,1,1,1,1,1,1,1,1,1,1,1,1,,,,,,,,,,,,,,
Individual,IndIncome2002_B02ID,int,Individual Income - 2002 bandings - 3 categories,1,1,1,1,1,1,1,1,1,1,1,1,1,1,1,1,1,1,1,1,1,1,1,,,,,,,,,,,,,,
Individual,PrbJob_B01ID,int,Turned down job in last 12 months due to problems with transport,1,1,1,1,1,1,1,0,0,0,0,0,0,0,0,0,0,0,0,0,0,0,0,Dropped and replaced by PrbJobN_B01ID,,,,,,,,,,,,,
Individual,PrbNow_B01ID,int,Problems with transport now which would stop you from taking a job,1,1,1,1,1,1,1,0,0,0,0,0,0,0,0,0,0,0,0,0,0,0,0,,,,,,,,,,,,,,
Individual,PrbSame_B01ID,int,Problems the same as those mentioned before,1,1,1,1,1,1,1,0,0,0,0,0,0,0,0,0,0,0,0,0,0,0,0,,,,,,,,,,,,,,
Individual,DTJbMonth_B01ID,int,Date left last paid job - coded month,1,1,1,1,1,1,1,1,1,1,1,1,1,1,1,1,1,1,1,1,1,1,1,,,,,,,,,,,,,,
Individual,DTJbYear,int,Date left last paid job - year element,1,1,1,1,1,1,1,1,1,1,1,1,1,1,1,1,1,1,1,1,1,1,1,,,,,,,,,,,,,,
Individual,DTJbLong_B01ID,int,How long since left last paid job,1,1,1,1,1,1,1,1,1,1,1,1,1,1,1,1,1,1,1,1,1,1,1,,,,,,,,,,,,,,
Individual,WkPlace_B01ID,int,Work place location,1,1,1,1,1,1,1,1,1,1,1,1,1,1,1,1,1,1,1,1,0,0,0,2022 - dropped & replaced with WkPlaceN_B01ID,,,,,,,,,,,,,
Individual,IndWkGOR_B02ID,int,Region of usual work place,1,1,1,1,1,1,1,1,1,1,1,1,1,1,1,1,1,1,1,1,1,1,1,,,,,,,,,,,,,,
Individual,EcoStat_B02ID,int,Working status of individual - Summary - 6 categories,1,1,1,1,1,1,1,1,1,1,1,1,1,1,1,1,1,1,1,1,1,1,1,,,,,,,,,,,,,,
Individual,EcoStat_B03ID,int,Working status of individual - Summary - 4 categories,1,1,1,1,1,1,1,1,1,1,1,1,1,1,1,1,1,1,1,1,1,1,1,,,,,,,,,,,,,,
Individual,ES2000_B01ID,int,Employment Status of individuals - 2000 bandings,1,1,1,1,1,1,1,1,1,0,0,0,0,0,0,0,0,0,0,0,0,0,0,Dropped and replaced by ES2010_B01ID,,,,,,,,,,,,,
Individual,ES2010_B01ID,int,Employment Status of individuals - 2010 bandings,0,0,0,0,0,0,0,0,0,1,1,1,1,1,1,1,1,1,1,1,0,0,0,Replaces ES2000_B01ID;2022 - dropped and replaced by ES2020_B01ID,,,,,,,,,,,,,
Individual,NSSec_B03ID,int,National Staistics Socio Economic Classification (NS-SEC) of individual - high level breakdown -  5 categories,1,1,1,1,1,1,1,1,1,1,1,1,1,1,1,1,1,1,1,1,1,1,1,,,,,,,,,,,,,,
Individual,SC_B01ID,int,Social class of individuals,1,1,1,1,1,1,1,1,1,1,1,1,1,1,1,1,1,1,1,1,0,0,0,2022 - dropped,,,,,,,,,,,,,
Individual,Stat_B01ID,int,Employee or self-employed,1,1,1,1,1,1,1,1,1,1,1,1,1,1,1,1,1,1,1,1,1,1,1,,,,,,,,,,,,,,
Individual,SVise_B01ID,int,Responsibility for supervising other employees,1,1,1,1,1,1,1,1,1,1,1,1,1,1,1,1,1,1,1,1,1,1,1,,,,,,,,,,,,,,
Individual,WkMode_B01ID,int,Usual means of travel to work,1,1,1,1,1,1,1,1,1,1,1,1,1,1,1,1,1,1,1,1,1,1,1,"In even years after 2009, it is not possible to get codes 1,2 or 3 because WkDrive is not asked (and this is one of the variables used to calculate WkMode_B01ID)",,,,,,,,,,,,,
Individual,ParkWk_B01ID,int,Where do you usually park at work,0,0,0,0,0,1,1,1,0,1,0,1,0,1,0,1,0,1,0,1,0,1,0,2009 - become a rotated question,,,,,,,,,,,,,
Individual,CarWM_B01ID,int,Most difficult problem with car journeys to work,1,1,1,1,1,1,1,1,1,1,1,0,1,0,1,0,1,0,1,0,1,0,1,Rotated from 2013.,,,,,,,,,,,,,
Individual,OthWM_B01ID,int,Most difficult problem travelling by other modes to work,1,1,1,1,1,1,1,1,1,1,1,0,1,0,1,0,1,0,1,0,1,0,1,Rotated from 2013.,,,,,,,,,,,,,
Individual,WkHome_B01ID,int,Work at home instead of usual workplace,1,1,1,1,1,1,1,0,0,0,0,0,0,0,0,0,0,0,0,0,0,0,0,,,,,,,,,,,,,,
Individual,PossHom_B01ID,int,Is it possible to work at home,1,1,1,1,1,1,1,0,0,0,0,0,0,0,0,0,0,0,0,0,0,0,0,Dropped and replaced by PossHmN_B01ID,,,,,,,,,,,,,
Individual,OftHome_B01ID,int,How often do you work at home,1,1,1,1,1,1,1,1,1,1,1,1,1,1,1,1,1,1,1,1,1,1,1,,,,,,,,,,,,,,
Individual,PossTel_B01ID,int,Is it possible to work at home without telephone,1,1,1,1,1,1,1,0,0,0,0,0,0,0,0,0,0,0,0,0,0,0,0,Dropped and being replaced with multicoded variable WKTech_B01ID,,,,,,,,,,,,,
Individual,PossComp_B01ID,int,Is it possible to work at home without computer,1,1,1,1,1,1,1,0,0,0,0,0,0,0,0,0,0,0,0,0,0,0,0,Dropped and being replaced with multicoded variable WKTech_B01ID,,,,,,,,,,,,,
Individual,TravSh_B01ID,int,Usual travel mode for main food shopping trip,1,1,1,1,1,1,1,1,1,1,1,0,0,0,0,0,0,0,0,0,0,0,0,Moved to Household table from 2013,,,,,,,,,,,,,
Individual,CarSM_B01ID,int,Most difficult problem for main food shopping - when travelling by car,1,1,1,1,1,1,1,1,1,1,1,0,0,0,0,0,0,0,0,0,0,0,0,,,,,,,,,,,,,,
Individual,OthSM_B01ID,int,Most difficult problem for main food shopping - when travelling by public transport,1,1,1,1,1,1,1,1,1,1,1,0,0,0,0,0,0,0,0,0,0,0,0,,,,,,,,,,,,,,
Individual,MobDiffSum_B01ID,int,Mobility difficulties summary,0,0,0,0,0,1,1,1,1,1,1,1,1,1,1,1,1,1,1,1,1,1,1,,,,,,,,,,,,,,
Individual,FootDiffSum_B01ID,int,Difficulties when travelling by foot,1,1,1,1,1,1,1,1,1,1,1,1,1,1,1,1,1,1,1,1,1,1,1,,,,,,,,,,,,,,
Individual,BusDiffSum_B01ID,int,Disability that causes difficulties in using local bus,1,1,1,1,1,1,1,1,1,1,1,1,1,1,1,1,1,1,0,0,0,0,0,2020  - dropped (BusPrb95 dropped from CAPI),,,,,,,,,,,,,
Individual,OthDis_B01ID,int,Other disabilities,0,0,0,0,0,1,1,1,1,1,1,1,1,1,1,1,0,0,0,0,0,0,0,,,,,,,,,,,,,,
Individual,PowWhl_B01ID,int,Use of powered wheelchair,0,0,0,1,1,1,1,0,0,0,0,0,0,0,0,0,0,0,0,0,0,0,0,Dropped and being replaced with multicoded variable WhlAid_B01ID,,,,,,,,,,,,,
Individual,PowWhUse_B01ID,int,How often is the powered wheelchair used,0,0,0,1,1,1,1,0,1,0,1,0,1,0,1,0,1,1,0,1,0,1,0,Switched rotation to odd years from 2019,,,,,,,,,,,,,
Individual,MobSct_B01ID,int,Use of powered mobility scooter,0,0,0,1,1,1,1,0,0,0,0,0,0,0,0,0,0,0,0,0,0,0,0,,,,,,,,,,,,,,
Individual,MobScUse_B01ID,int,How often powered mobility scooter is used,0,0,0,1,1,1,1,0,0,0,0,0,0,0,0,0,0,0,0,0,0,0,0,,,,,,,,,,,,,,
Individual,SchDly_B01ID,int,Is a daily school journey made,1,1,1,1,1,1,1,1,1,1,1,1,1,1,1,1,1,1,1,1,1,1,1,,,,,,,,,,,,,,
Individual,SchTrav_B01ID,int,Usual mode for travelling to school,1,1,1,1,1,1,1,1,1,1,1,1,1,1,1,1,1,1,1,1,1,1,1,Amended in 2009 as a result of changes to SchDly.,,,,,,,,,,,,,
Individual,TravScW_B01ID,int,Does child travel to school with children from another household,0,0,0,0,0,0,1,1,1,1,1,1,1,1,1,1,1,1,1,1,1,1,1,,,,,,,,,,,,,,
Individual,SchAcc_B01ID,int,Accompanied to school by adult,1,1,1,1,1,1,1,1,0,1,0,1,0,1,0,1,1,1,1,1,1,1,1,Amended in 2009 as a result of changes to SchDly.;Asked every year from 2018,,,,,,,,,,,,,
Individual,SchAgeAcc,int,Age first unaccompanied to school - actual age,1,1,1,1,1,1,1,0,0,0,0,0,0,0,0,0,0,0,0,0,0,0,0,This is a derived variable which has been dropped as not possible calcualte without question SchDly (which was dropped in 2009) ,,,,,,,,,,,,,
Individual,Roads_B01ID,int,Allowed to cross roads without adult,1,1,1,1,1,1,1,1,0,1,0,1,0,1,0,1,1,0,0,0,0,0,0,Asked every year from 2018. Dropped in 2019,,,,,,,,,,,,,
Individual,MainRd_B01ID,int,What type of roads child is allowed to cross main roads without adult,1,1,1,1,1,1,1,1,0,1,0,1,0,1,0,1,1,0,0,0,0,0,0,Asked every year from 2018. Dropped in 2019,,,,,,,,,,,,,
Individual,Accident_B01ID,int,Road accident in the last 3 years,0,0,0,0,0,1,1,1,1,1,1,1,1,1,1,1,1,1,1,1,1,1,1,,,,,,,,,,,,,,
Individual,Acc3Yr_B01ID,int,Number of road accidents in the last 3 years - banded number,0,0,0,0,0,1,1,1,1,1,1,1,1,1,1,1,1,1,1,1,1,1,1,,,,,,,,,,,,,,
Individual,Acc12Mn_B01ID,int,Number of road accidents in the last 12 months - banded number,0,0,0,0,0,1,1,1,1,1,1,1,1,1,1,1,1,1,1,1,1,1,1,,,,,,,,,,,,,,
Individual,FootOut_B01ID,int,Do you go out on foot nowadays,0,0,0,0,0,0,1,1,1,1,1,1,1,1,1,1,1,1,1,1,1,1,1,,,,,,,,,,,,,,
Individual,BusOut_B01ID,int,Do you use local buses at all nowadays,0,0,0,0,0,0,1,1,1,1,1,1,1,1,1,1,1,1,1,1,1,1,1,,,,,,,,,,,,,,
Individual,Educ_B01ID,int,Are you currently attending a school or college,1,1,1,1,1,1,1,0,0,0,0,0,0,0,0,0,0,0,0,0,0,0,0,,,,,,,,,,,,,,
Individual,EducFT_B01ID,int,Are you a full or part time student,1,1,1,1,1,1,1,0,0,0,0,0,0,0,0,0,0,0,0,0,0,0,0,,,,,,,,,,,,,,
Individual,EducN_B01ID,int,Currently attending school or college - full or part time,0,0,0,0,0,0,0,1,1,1,1,1,1,1,1,1,1,1,1,1,1,1,1,,,,,,,,,,,,,,
Individual,HowSch_B01ID,int,How do you usually travel home from school,0,0,0,0,0,0,0,1,0,1,0,1,0,1,0,1,1,1,1,1,1,1,1,Asked every year from 2018,,,,,,,,,,,,,
Individual,PrivCar_B01ID,int,How often do you travel by private car,0,0,0,0,0,0,0,1,1,1,1,1,1,1,1,1,1,0,0,0,0,0,0,2019 - Dropped and replaced by PrivCar2Freq_B01ID,,,,,,,,,,,,,
Individual,PrbJobN_B01ID,int,Turned down job or not applied for a job in last 12 months due to problems with transport,0,0,0,0,0,0,0,1,1,1,1,1,1,1,1,1,1,0,0,0,0,0,1,Replaces PrbJob_B01ID;Rotated from 2019. Rotated every 4 years from 2020,,,,,,,,,,,,,
Individual,WkLift_B01ID,int,How often do you give/receive lift from a work colleague when travelling to work,0,0,0,0,0,0,0,1,0,1,0,1,0,1,0,1,0,1,0,1,0,1,0,,,,,,,,,,,,,,
Individual,WkMuch_B01ID,int,How much of your work could you do from home,0,0,0,0,0,0,0,1,1,1,1,1,0,1,0,1,0,1,0,1,0,1,0,Rotated from 2013.,,,,,,,,,,,,,
Individual,CarsEas_B01ID,int,"How easy would it be to travel to work by public transport, if couldn't use private mode",0,0,0,0,0,0,0,1,1,1,1,0,1,0,1,0,1,0,1,0,1,0,1,Rotated from 2013.,,,,,,,,,,,,,
Individual,FdShp_B01ID,int,How do you usually carry out the main food shopping,0,0,0,0,0,0,0,1,1,1,1,0,0,0,0,0,0,0,0,0,0,0,0,Moved to Household table from 2013,,,,,,,,,,,,,
Individual,FdDel_B01ID,int,"How often have food delivered to the home ordered by phone, post or the internet",0,0,0,0,0,0,0,1,1,1,1,0,0,0,0,0,0,0,0,0,0,0,0,,,,,,,,,,,,,,
Individual,FdFreq_B01ID,int,How often do you travel to the shops to buy food or drink for the home,0,0,0,0,0,0,0,1,1,1,1,0,0,0,0,0,0,0,0,0,0,0,0,Moved to Household table from 2013,,,,,,,,,,,,,
Individual,DelStrt_B01ID,int,How long ago did you start having main food shop delivered to home,0,0,0,0,0,0,0,1,1,1,1,0,0,0,0,0,0,0,0,0,0,0,0,,,,,,,,,,,,,,
Individual,ShpEas_B01ID,int,How easy is it to do the main food shopping without private mode of transport,0,0,0,0,0,0,0,1,1,1,1,0,0,0,0,0,0,0,0,0,0,0,0,,,,,,,,,,,,,,
Individual,MarStN_B01ID,int,Marital status,0,0,0,0,0,0,0,1,1,1,1,1,1,1,1,1,1,1,1,1,1,1,1,Replaces MarStat_B01ID in 2009;Dropped in 2013 but kept by deriving from MaritalS,,,,,,,,,,,,,
Individual,ResNDnM_B01ID,int,Main reason for not driving,0,0,0,0,0,0,0,1,1,1,1,1,1,1,1,1,1,1,0,1,0,1,0,Replaces ResNDrM_B01ID in 2009;2019 - odd years only,,,,,,,,,,,,,
Individual,PossHmN_B01ID,int,Is it possible work at home instead of travelling to work,0,0,0,0,0,0,0,1,1,1,1,1,0,1,0,1,0,1,0,1,0,1,0,Replaces PossHom_B01ID in 2009;Rotated from 2013.,,,,,,,,,,,,,
Individual,CAccIdnt_B01ID,int,Road accident in the last 3 years - Child,0,0,0,0,0,0,0,0,1,1,1,1,1,1,1,1,1,1,1,1,1,1,1,,,,,,,,,,,,,,
Individual,COB_B01ID,int,Country of Birth - 7 categories,0,0,0,0,0,0,0,0,1,1,1,1,1,1,1,1,1,1,1,1,1,1,1,Replaces the multicoded variable Nation_B01ID,,,,,,,,,,,,,
Individual,ShpTroN_B01ID,int,How would individual do the main food shop without a private mode,0,0,0,0,0,0,0,0,1,1,1,0,0,0,0,0,0,0,0,0,0,0,0,Replaces in part the multicoded variable ShpTro_B01ID,,,,,,,,,,,,,
Individual,EligPass_B01ID,int,Eligible for older persons statutory concession,1,1,1,1,1,1,1,1,1,1,1,1,1,1,1,1,1,1,1,1,1,1,1,The method to derive this variable changed in 2010 to account for the changing eligibility requirements.,,,,,,,,,,,,,
Individual,TicketHolding_B01ID,int,Ticket holding summary,1,1,1,1,1,1,1,1,1,1,1,1,1,1,1,1,1,1,1,1,1,1,1,,,,,,,,,,,,,,
Individual,MaritalS_B01ID,int,Marital status,0,0,0,0,0,0,0,0,0,0,0,1,1,1,1,1,1,1,1,1,1,1,1,Replaces MarStN_B01ID,,,,,,,,,,,,,
Individual,ReNDNaM_B01ID,int,Main reason do not drive,0,0,0,0,0,0,0,0,0,0,0,0,0,1,1,1,1,1,0,1,0,1,0,New in 2015. 2019 - odd years only,,,,,,,,,,,,,
Individual,ReNDNbM_B01ID,int,Main reason do not drive,0,0,0,0,0,0,0,0,0,0,0,0,0,1,1,1,1,1,0,1,0,1,0,New in 2015. 2019 - odd years only,,,,,,,,,,,,,
Individual,CycMore_B01ID,int,Amount of cycling compared to this time last year,0,0,0,0,0,0,0,0,0,0,0,0,0,1,1,1,1,1,1,1,1,1,1,New in 2015,,,,,,,,,,,,,
Individual,Cycle4w_B01ID,int,Whether ridden a bicycle during the last 4 weeks,0,0,0,0,0,0,0,0,0,0,0,0,0,1,1,1,0,0,0,0,0,0,0,New in 2015,,,,,,,,,,,,,
Individual,ResMNCy_B01ID,int,Main reason for not cycling more,0,0,0,0,0,0,0,0,0,0,0,0,0,1,1,1,0,0,0,0,0,0,0,New in 2015,,,,,,,,,,,,,
Individual,RsMnCyA_B01ID,int,Main reason for not cycling more,0,0,0,0,0,0,0,0,0,0,0,0,0,0,1,1,0,0,0,0,0,0,0,New in 2016,,,,,,,,,,,,,
Individual,RsMnCyB_B01ID,int,Main reason for not cycling more,0,0,0,0,0,0,0,0,0,0,0,0,0,0,1,1,0,0,0,0,0,0,0,New in 2016,,,,,,,,,,,,,
Individual,GenHeal_B01ID,int,How is your health in general?,0,0,0,0,0,0,0,0,0,0,0,0,0,0,0,1,1,1,1,1,1,1,1,New in 2017,,,,,,,,,,,,,
Individual,HomeIUse_B01ID  ,int,How often do you usually access the internet for personal use at home?,0,0,0,0,0,0,0,0,0,0,0,0,0,0,0,1,1,1,1,1,1,1,1,New in 2017,,,,,,,,,,,,,
Individual,OnGoIUse_B01ID,int,"How often do you usually access the internet for personal use on the go (e.g., on the street, on public transport, while shopping)?",0,0,0,0,0,0,0,0,0,0,0,0,0,0,0,1,1,1,1,1,1,1,1,New in 2017,,,,,,,,,,,,,
Individual,ElseIUse_B01ID,int,How often do you usually access the internet for personal use elsewhere where the internet is available?,0,0,0,0,0,0,0,0,0,0,0,0,0,0,0,1,1,1,1,1,1,1,1,New in 2017,,,,,,,,,,,,,
Individual,PracNec_B01ID,int,Car use is a practical necessity for me,0,0,0,0,0,0,0,0,0,0,0,0,0,0,0,1,0,0,0,0,0,0,0,New in 2017,,,,,,,,,,,,,
Individual,LivCit_B01ID,int,I wish to live in an urban area,0,0,0,0,0,0,0,0,0,0,0,0,0,0,0,1,0,0,0,0,0,0,0,New in 2017,,,,,,,,,,,,,
Individual,EdAttn4_B02ID,int,Whether you have any of the educational or school qualifications listed (grouped),0,0,0,0,0,0,0,0,0,0,0,0,0,0,0,1,1,1,1,1,1,1,1,"New in 2022, backdated to 2017",,,,,,,,,,,,,
Individual,NTrnsat_B01ID,int,"Overall, how satisfied or dissatisfied are you with train services?",0,0,0,0,0,0,0,0,0,0,0,0,0,0,0,1,1,1,1,1,1,1,1,New in 2017,,,,,,,,,,,,,
Individual,RelTrain_B01ID,int,How satisfied or dissatisfied are you with the reliability of trains?,0,0,0,0,0,0,0,0,0,0,0,0,0,0,0,1,1,1,1,1,1,1,1,New in 2017,,,,,,,,,,,,,
Individual,FrqTrain_B01ID,int,How satisfied or dissatisfied are you with the frequency of trains?,0,0,0,0,0,0,0,0,0,0,0,0,0,0,0,1,1,1,1,1,1,1,1,New in 2017,,,,,,,,,,,,,
Individual,NSatServ_B01ID,int,How satisfied or dissatisfied are you with local bus services?,0,0,0,0,0,0,0,0,0,0,0,0,0,0,0,1,1,1,1,1,1,1,1,New in 2017,,,,,,,,,,,,,
Individual,NReliBus_B01ID,int,How satisfied or dissatisfied are you with the reliability of local buses?,0,0,0,0,0,0,0,0,0,0,0,0,0,0,0,1,1,1,1,1,1,1,1,New in 2017,,,,,,,,,,,,,
Individual,NFrqBus_B01ID,int,How satisfied or dissatisfied are you with the frequency of local buses?,0,0,0,0,0,0,0,0,0,0,0,0,0,0,0,1,1,1,1,1,1,1,1,New in 2017,,,,,,,,,,,,,
Individual,SRNRdSat_B01ID,int,How satisfied or dissatisfied are you with motorways and these major A roads?,0,0,0,0,0,0,0,0,0,0,0,0,0,0,0,1,1,1,1,1,1,1,1,New in 2017,,,,,,,,,,,,,
Individual,LocRdSat_B01ID,int,How satisfied or dissatisfied are you with your local roads?,0,0,0,0,0,0,0,0,0,0,0,0,0,0,0,1,1,1,1,1,1,1,1,New in 2017,,,,,,,,,,,,,
Individual,Ncyclane_B01ID,int,How satisfied or dissatisfied are you with provision for cycling in your local area?,0,0,0,0,0,0,0,0,0,0,0,0,0,0,0,1,1,1,1,1,1,1,1,New in 2017,,,,,,,,,,,,,
Individual,WalkProv_B01ID,int,How satisfied or dissatisfied are you with provision for walking in your local area?,0,0,0,0,0,0,0,0,0,0,0,0,0,0,0,1,1,1,1,1,1,1,1,New in 2017,,,,,,,,,,,,,
Individual,YNWkSAM_B01ID,int,Main barrier to children walking to school more (Sample A),0,0,0,0,0,0,0,0,0,0,0,0,0,0,0,0,1,1,0,1,0,1,0,New in 2018. Rotated from 2020,,,,,,,,,,,,,
Individual,YNWkSBM_B01ID,int,Main barrier to children walking to school more (Sample B),0,0,0,0,0,0,0,0,0,0,0,0,0,0,0,0,1,1,0,1,0,1,0,New in 2018. Rotated from 2020,,,,,,,,,,,,,
Individual,YNWkScM_B01ID,int,Main barrier to children walking to school more,0,0,0,0,0,0,0,0,0,0,0,0,0,0,0,0,1,1,0,1,0,1,0,New in 2018. Rotated from 2020,,,,,,,,,,,,,
Individual,EnWkScM_B01ID,int,What would encourage children to walk to school most,0,0,0,0,0,0,0,0,0,0,0,0,0,0,0,0,1,1,0,1,0,1,0,New in 2018. Rotated from 2020,,,,,,,,,,,,,
Individual,PHVuse_B01ID,int,Whether used an app to book a taxi or private hire vehicle?,0,0,0,0,0,0,0,0,0,0,0,0,0,0,0,0,1,1,1,1,1,1,1,New in 2018,,,,,,,,,,,,,
Individual,PHVFreq_B01ID,int,How frequently do you use app-based services to book a taxi or private hire vehicle?,0,0,0,0,0,0,0,0,0,0,0,0,0,0,0,0,1,0,0,0,0,0,0,New in 2018,,,,,,,,,,,,,
Individual,OwnPhone_B01ID,int,Do you currently own a smartphone?,0,0,0,0,0,0,0,0,0,0,0,0,0,0,0,0,1,0,0,0,0,0,0,New in 2018,,,,,,,,,,,,,
Individual,SmPhUse_B01ID,int,Which of the following best describes how you use your smartphone?,0,0,0,0,0,0,0,0,0,0,0,0,0,0,0,0,1,0,0,0,0,0,0,New in 2018,,,,,,,,,,,,,
Individual,Bicycle2_B01ID,int,Frequency Of Use Of Bicycle,0,0,0,0,0,0,0,0,0,0,0,0,0,0,0,0,1,0,0,0,0,0,0,New in 2018,,,,,,,,,,,,,
Individual,Bicycle2Freq_B01ID,int,Frequency Of Use Of Bicycle,0,0,0,0,0,0,0,0,0,0,0,0,0,0,0,0,1,0,0,0,0,0,0,New in 2018. Replaces BicycleFreq_B01ID,,,,,,,,,,,,,
Individual,SENo2_B01ID,int,How many employed where work,0,0,0,0,0,0,0,0,0,0,0,0,0,0,0,0,1,1,1,1,1,1,1,New in 2018,,,,,,,,,,,,,
Individual,LeRidCy_B01ID,int,Have you learnt to ride a bicycle?,0,0,0,0,0,0,0,0,0,0,0,0,0,0,0,0,1,1,1,1,1,1,1,New in 2018,,,,,,,,,,,,,
Individual,YNCy2AM_B01ID,int,Main Barrier to people cycling more - sample A,0,0,0,0,0,0,0,0,0,0,0,0,0,0,0,0,1,1,1,0,1,0,1,New in 2018. Even years only from 2020,,,,,,,,,,,,,
Individual,YNCy2BM_B01ID,int,Main Barrier to people cycling more - sample B,0,0,0,0,0,0,0,0,0,0,0,0,0,0,0,0,1,1,1,0,1,0,1,New in 2018. Even years only from 2020,,,,,,,,,,,,,
Individual,YNCy2M_B01ID,int,Main Barrier to people cycling more,0,0,0,0,0,0,0,0,0,0,0,0,0,0,0,0,1,1,1,0,1,0,1,New in 2018. Even years only from 2020,,,,,,,,,,,,,
Individual,EncCycM_B01ID,int,What would encourage the respondent to cycle more most,0,0,0,0,0,0,0,0,0,0,0,0,0,0,0,0,1,1,1,0,1,0,1,New in 2018. Even years only from 2020,,,,,,,,,,,,,
Individual,YNWlkAM_B01ID,int,Main barrier to walking more in your local area,0,0,0,0,0,0,0,0,0,0,0,0,0,0,0,0,1,1,0,1,0,1,0,New in 2018. Rotated from 2020,,,,,,,,,,,,,
Individual,YNWlkBM_B01ID,int,Main barrier to walking more in your local area,0,0,0,0,0,0,0,0,0,0,0,0,0,0,0,0,1,1,0,1,0,1,0,New in 2018. Rotated from 2020,,,,,,,,,,,,,
Individual,YNWlkM_B01ID,int,Main barrier to walking more in your local area,0,0,0,0,0,0,0,0,0,0,0,0,0,0,0,0,1,1,0,1,0,1,0,New in 2018. Rotated from 2020,,,,,,,,,,,,,
Individual,EncWkM_B01ID,int,What would encourage children to walk to school the most,0,0,0,0,0,0,0,0,0,0,0,0,0,0,0,0,1,1,0,1,0,1,0,New in 2018. Rotated from 2020,,,,,,,,,,,,,
Individual,Carer_B01ID,int,Whether carer for family or friends,0,0,0,0,0,0,0,0,0,0,0,0,0,0,0,0,0,1,0,1,0,1,0,New in 2019. Rotated from 2020,,,,,,,,,,,,,
Individual,Caretime_B01ID,int,Hours a week as Carer,0,0,0,0,0,0,0,0,0,0,0,0,0,0,0,0,0,1,0,1,0,1,0,New in 2019. Rotated from 2020,,,,,,,,,,,,,
Individual,PrivCar2_B01ID,int,How frequently travel by private car,0,0,0,0,0,0,0,0,0,0,0,0,0,0,0,0,0,1,1,1,1,1,1,New in 2019. Replaces PrivCar_B01ID,,,,,,,,,,,,,
Individual,OrdBus2Freq_B01ID,int,How frequently use local buses,0,0,0,0,0,0,0,0,0,0,0,0,0,0,0,0,0,1,1,1,1,1,1,New in 2019. Replaces OrdBusFreq_B01ID,,,,,,,,,,,,,
Individual,Coach2Freq_B01ID,int,How frequently use an express bus or coach within Great Britain,0,0,0,0,0,0,0,0,0,0,0,0,0,0,0,0,0,1,1,1,1,1,1,New in 2019. Replaces CoachFreq_B01ID,,,,,,,,,,,,,
Individual,Train2Freq_B01ID,int,How frequently use a train,0,0,0,0,0,0,0,0,0,0,0,0,0,0,0,0,0,1,1,1,1,1,1,New in 2019. Replaces TrainFreq_B01ID,,,,,,,,,,,,,
Individual,TaxiCab2Freq_B01ID,int,How frequently use a taxi/minicab,0,0,0,0,0,0,0,0,0,0,0,0,0,0,0,0,0,1,1,1,1,1,1,New in 2019. Replaces TaxiCabFreq_B01ID,,,,,,,,,,,,,
Individual,Plane2Freq_B01ID,int,How frequently take an internal air flight within Great Britain,0,0,0,0,0,0,0,0,0,0,0,0,0,0,0,0,0,1,1,1,1,1,1,New in 2019. Replaces PlaneFreq_B01ID,,,,,,,,,,,,,
Individual,Walk2Freq_B01ID,int,How frequently do you walk anywhere for 20 minutes or more without stopping,0,0,0,0,0,0,0,0,0,0,0,0,0,0,0,0,0,1,1,1,1,1,1,New in 2019. Replaces WalkFreq_B01ID,,,,,,,,,,,,,
Individual,Ebike_B01ID,int,Do you own or have regular use of an electric bicycle,0,0,0,0,0,0,0,0,0,0,0,0,0,0,0,0,0,1,1,1,1,1,1,New in 2019,,,,,,,,,,,,,
Individual,Bicycle3Freq_B01ID,int,How frequently use a bicycle ,0,0,0,0,0,0,0,0,0,0,0,0,0,0,0,0,0,1,1,1,1,1,1,New in 2019. Replaces Bicycle2Freq_B01ID,,,,,,,,,,,,,
Individual,PHVFreq2_B01ID,int,How frequently use app-based services to book a taxi or private hire vehicle,0,0,0,0,0,0,0,0,0,0,0,0,0,0,0,0,0,1,1,1,1,1,1,New in 2019. Replaces PHVFreq_B01ID,,,,,,,,,,,,,
Individual,LackComp_B01ID,int,How often do you feel that you lack companionship?,0,0,0,0,0,0,0,0,0,0,0,0,0,0,0,0,0,1,1,1,1,1,1,New in 2019,,,,,,,,,,,,,
Individual,LeftOut_B01ID,int,How often do you feel left out?,0,0,0,0,0,0,0,0,0,0,0,0,0,0,0,0,0,1,1,1,1,1,1,New in 2019,,,,,,,,,,,,,
Individual,Isolated_B01ID,int,How often do you feel isolated from others?,0,0,0,0,0,0,0,0,0,0,0,0,0,0,0,0,0,1,1,1,1,1,1,New in 2019,,,,,,,,,,,,,
Individual,Lonely_B01ID,int,How often do you feel lonely?,0,0,0,0,0,0,0,0,0,0,0,0,0,0,0,0,0,1,1,1,1,1,1,New in 2019,,,,,,,,,,,,,
Individual,OCSect_B01ID,int,Which of the types of organisation on this card do you work for?,0,0,0,0,0,0,0,0,0,0,0,0,0,0,0,0,0,1,1,1,1,1,1,New in 2019,,,,,,,,,,,,,
Individual,OcPbSect_B01ID,int,Which of the following types of public sector organisation do you work for?,0,0,0,0,0,0,0,0,0,0,0,0,0,0,0,0,0,1,1,1,1,1,1,New in 2019,,,,,,,,,,,,,
Individual,OwnCycleN_B01ID,int,Own or use a bicycle,0,0,0,0,0,0,0,0,0,0,0,0,0,0,0,0,0,1,1,1,1,1,1,New in 2019. Replaces OwnCycle_B01ID,,,,,,,,,,,,,
Individual,InterviewN_B01ID,int,Was interview questions asked face to face or by proxy,0,0,0,0,0,0,0,0,0,0,0,0,0,0,0,0,0,0,0,1,1,1,1,New in 2021. Replaces Interview_B01ID,,,,,,,,,,,,,
Individual,EScooter_B01ID,int,Have you ridden an e-scooter during the last 12 months?,0,0,0,0,0,0,0,0,0,0,0,0,0,0,0,0,0,0,0,1,1,1,1,New in 2021,,,,,,,,,,,,,
Individual,EScooterFreq_B01ID,int,How frequently do you use an e-scooter?,0,0,0,0,0,0,0,0,0,0,0,0,0,0,0,0,0,0,0,1,1,1,1,New in 2021,,,,,,,,,,,,,
Individual,ES2020_B01ID,int,Employment Status of individuals - 2020 bandings,0,0,0,0,0,0,0,0,0,0,0,0,0,0,0,0,0,0,0,0,1,1,1,New in 2022. Replaces ES2010_B01ID,,,,,,,,,,,,,
Individual,MaritalStat_B01ID,int,Marital status,0,0,0,0,0,0,0,0,0,0,0,0,0,0,0,0,0,0,0,0,0,1,1,New in 2023. Replaces MaritalS_B01ID,,,,,,,,,,,,,
Individual,TravDiffSum_B01ID,int,Travel difficulties,1,1,1,1,1,0,0,0,0,0,0,0,0,0,0,0,0,0,0,0,0,0,0,,,,,,,,,,,,,,
LDJ,LDJID,int,LDJ unique ID - Created in SQL,1,1,1,1,1,1,1,1,1,1,1,1,1,1,1,1,1,1,1,1,1,1,1,,,,,,,,,,,,,,
LDJ,IndividualID,int,Individual unique ID - Created in SQL,1,1,1,1,1,1,1,1,1,1,1,1,1,1,1,1,1,1,1,1,1,1,1,,,,,,,,,,,,,,
LDJ,HouseholdID,int,Household unique ID - Created in SQL,1,1,1,1,1,1,1,1,1,1,1,1,1,1,1,1,1,1,1,1,1,1,1,,,,,,,,,,,,,,
LDJ,PSUID,int,PSU unique ID - Created in SQL,1,1,1,1,1,1,1,1,1,1,1,1,1,1,1,1,1,1,1,1,1,1,1,,,,,,,,,,,,,,
LDJ,TripID,int,ID of the diary trip the LDJ is created from - Created in SQL,1,1,1,1,1,1,1,1,1,1,1,1,1,1,1,1,1,1,1,1,1,1,1,,,,,,,,,,,,,,
LDJ,PersNo,int,Person number within the household                                                   ,1,1,1,1,1,1,1,1,1,1,1,1,1,1,1,1,1,1,1,1,1,1,1,,,,,,,,,,,,,,
LDJ,LDJ,int,LDJ number for individual                                     ,1,1,1,1,1,1,1,1,1,1,1,1,1,1,1,1,1,1,1,1,1,1,1,,,,,,,,,,,,,,
LDJ,LDJDay,int,LDJ trip date - day of month,1,1,1,1,1,1,1,1,1,1,1,1,1,1,1,1,1,1,1,1,1,1,1,,,,,,,,,,,,,,
LDJ,LDJMonth,int,LDJ trip date - month of year - actual month,1,1,1,1,1,1,1,1,1,1,1,1,1,1,1,1,1,1,1,1,1,1,1,,,,,,,,,,,,,,
LDJ,LDJMonth_B01ID,int,LDJ trip date - month of year - coded month,1,1,1,1,1,1,1,1,1,1,1,1,1,1,1,1,1,1,1,1,1,1,1,,,,,,,,,,,,,,
LDJ,LDJYear,int,LDJ trip date - year of trip,1,1,1,1,1,1,1,1,1,1,1,1,1,1,1,1,1,1,1,1,1,1,1,,,,,,,,,,,,,,
LDJ,LDJDate,datetime,LDJ trip date,1,1,1,1,1,1,1,1,1,1,1,1,1,1,1,1,1,1,1,1,1,1,1,,,,,,,,,,,,,,
LDJ,LDJDayTWS,int,LDJ - days before travel week start ,1,1,1,1,1,1,1,1,1,1,1,1,1,1,1,1,1,1,1,1,1,1,1,,,,,,,,,,,,,,
LDJ,LDJWeekTWS,int,LDJ - weeks before travel week start,1,1,1,1,1,1,1,1,1,1,1,1,1,1,1,1,1,1,1,1,1,1,1,,,,,,,,,,,,,,
LDJ,LDJWeekDay_B01ID,int,Day of week trip took place,1,1,1,1,1,1,1,1,1,1,1,1,1,1,1,1,1,1,1,1,1,1,1,,,,,,,,,,,,,,
LDJ,LDJWeekDay_B02ID,int,"Day of week trip took place - weekday, Saturday and Sunday split",1,1,1,1,1,1,1,1,1,1,1,1,1,1,1,1,1,1,1,1,1,1,1,,,,,,,,,,,,,,
LDJ,LDJWeekDay_B03ID,int,Day of week trip took place - weekday and weekend split,1,1,1,1,1,1,1,1,1,1,1,1,1,1,1,1,1,1,1,1,1,1,1,,,,,,,,,,,,,,
LDJ,LDJMode_B01ID,int,LDJ mode of transport - 18 categories,1,1,1,1,1,1,1,1,1,1,1,1,1,1,1,1,1,1,1,1,1,1,1,,,,,,,,,,,,,,
LDJ,LDJMode_B02ID,int,LDJ mode of transport - 22 categories,1,1,1,1,1,1,1,1,1,1,1,1,1,1,1,1,1,1,1,1,1,1,1,,,,,,,,,,,,,,
LDJ,LDJMode_B03ID,int,LDJ mode of transport - 5 categories,1,1,1,1,1,1,1,1,1,1,1,1,1,1,1,1,1,1,1,1,1,1,1,,,,,,,,,,,,,,
LDJ,LDJPurpFrom_B01ID,int,LDJ Purpose from,1,1,1,1,1,1,1,1,1,1,1,1,1,1,1,1,1,1,1,1,1,1,1,,,,,,,,,,,,,,
LDJ,LDJPurpTo_B01ID,int,LDJ Purpose to,1,1,1,1,1,1,1,1,1,1,1,1,1,1,1,1,1,1,1,1,1,1,1,,,,,,,,,,,,,,
LDJ,LDJPurpose_B01ID,int,LDJ Purpose - 23 categories,1,1,1,1,1,1,1,1,1,1,1,1,1,1,1,1,1,1,1,1,1,1,1,,,,,,,,,,,,,,
LDJ,LDJPurpose_B02ID,int,LDJ Purpose - 7 categories,1,1,1,1,1,1,1,1,1,1,1,1,1,1,1,1,1,1,1,1,1,1,1,,,,,,,,,,,,,,
LDJ,LDJDistance,int,LDJ Length - miles - actual distance,1,1,1,1,1,1,1,1,1,1,1,1,1,1,1,1,1,1,1,1,1,1,1,,,,,,,,,,,,,,
LDJ,LDJDistance_B01ID,int,LDJ Length - miles - banded distance,1,1,1,1,1,1,1,1,1,1,1,1,1,1,1,1,1,1,1,1,1,1,1,,,,,,,,,,,,,,
LDJ,LDJOrigGOR_B02ID,int,LDJ Origin - Region ,1,1,1,1,1,1,1,1,1,1,1,1,1,1,1,1,1,1,1,1,1,1,1,,,,,,,,,,,,,,
LDJ,LDJDestGOR_B02ID,int,LDJ Destination - Region  ,1,1,1,1,1,1,1,1,1,1,1,1,1,1,1,1,1,1,1,1,1,1,1,,,,,,,,,,,,,,
LDJ,W4,decimal,Weighted LDJ sample,1,1,1,1,1,1,1,1,1,1,1,1,1,1,1,1,1,1,1,1,1,1,1,,,,,,,,,,,,,,
LDJ,W4xHH,decimal,Weighted LDJ sample excluding household weight,1,1,1,1,1,1,1,1,1,1,1,1,1,1,1,1,1,1,1,1,1,1,1,,,,,,,,,,,,,,
Ticket,IndTicketID,int,Ticket unique ID - created in SQL,1,1,1,1,1,1,1,1,1,1,1,1,1,1,1,1,1,1,1,1,1,1,1,,,,,,,,,,,,,,
Ticket,IndividualID,Int,Individual unique ID - created in SQL,1,1,1,1,1,1,1,1,1,1,1,1,1,1,1,1,1,1,1,1,1,1,1,,,,,,,,,,,,,,
Ticket,HouseholdID,int,Household unique ID - created in SQL,1,1,1,1,1,1,1,1,1,1,1,1,1,1,1,1,1,1,1,1,1,1,1,,,,,,,,,,,,,,
Ticket,PSUID,int,PSU unique ID - created in SQL,1,1,1,1,1,1,1,1,1,1,1,1,1,1,1,1,1,1,1,1,1,1,1,,,,,,,,,,,,,,
Ticket,PersNo,int,Person number within the household                                                   ,1,1,1,1,1,1,1,1,1,1,1,1,1,1,1,1,1,1,1,1,1,1,1,,,,,,,,,,,,,,
Ticket,TicketNumber,int,Ticket number that the person posesses,1,1,1,1,1,1,1,1,1,1,1,1,1,1,1,1,1,1,1,1,1,1,1,,,,,,,,,,,,,,
Ticket,SpecialTicket_B01ID,int,Season ticket or travel pass held by individual,1,1,1,1,1,1,1,1,1,1,1,1,1,1,1,1,1,1,1,1,1,1,1,,,,,,,,,,,,,,
Ticket,TicketMode_B01ID,int,Modes of transport ticket can be used on,1,1,1,1,1,1,1,1,1,1,1,1,1,1,1,1,1,1,1,1,1,1,1,,,,,,,,,,,,,,
Ticket,TicketMainMode_B01ID,int,Main mode ticket has been used on,1,1,1,1,1,1,1,1,1,1,1,1,1,1,1,1,1,1,1,1,1,1,1,,,,,,,,,,,,,,
Ticket,TicketPeriod_B01ID,int,Length of time ticket lasts for,1,1,1,1,1,1,1,1,1,1,1,1,1,1,1,1,1,1,1,1,1,1,1,,,,,,,,,,,,,,
Ticket,TicketCost,decimal,Cost of ticket - pounds,1,1,1,1,1,1,1,1,1,1,1,1,1,1,1,1,1,1,1,1,1,1,1,,,,,,,,,,,,,,
Ticket,TicketPayFree_B01ID,int,"When using ticket, does individual usually pay or travel free",1,1,1,1,1,1,1,1,1,1,1,1,1,1,1,1,1,1,1,1,1,1,1,,,,,,,,,,,,,,
Ticket,TicketTripCost,decimal,Ticket cost per trip - pounds,1,1,1,1,1,1,1,1,1,1,1,1,1,1,1,1,1,1,1,1,1,1,1,,,,,,,,,,,,,,
Day,DayID,int,ID given to all trips made by an individual on a given travel day - Created in SQL,1,1,1,1,1,1,1,1,1,1,1,1,1,1,1,1,1,1,1,1,1,1,1,,,,,,,,,,,,,,
Day,IndividualID,int,Individual unique ID - Created in SQL,1,1,1,1,1,1,1,1,1,1,1,1,1,1,1,1,1,1,1,1,1,1,1,,,,,,,,,,,,,,
Day,HouseholdID,int,Household unique ID - Created in SQL,1,1,1,1,1,1,1,1,1,1,1,1,1,1,1,1,1,1,1,1,1,1,1,,,,,,,,,,,,,,
Day,PSUID,int,PSU unique ID - Created in SQL,1,1,1,1,1,1,1,1,1,1,1,1,1,1,1,1,1,1,1,1,1,1,1,,,,,,,,,,,,,,
Day,PersNo,int,Person number within the household                                                   ,1,1,1,1,1,1,1,1,1,1,1,1,1,1,1,1,1,1,1,1,1,1,1,,,,,,,,,,,,,,
Day,TravDay,int,Day of the travel week (1-7),1,1,1,1,1,1,1,1,1,1,1,1,1,1,1,1,1,1,1,1,1,1,1,,,,,,,,,,,,,,
Day,TravelYear,int,Year of trip,1,1,1,1,1,1,1,1,1,1,1,1,1,1,1,1,1,1,1,1,1,1,1,,,,,,,,,,,,,,
Day,TravelWeekDay_B01ID,int,Day of week trip took place,1,1,1,1,1,1,1,1,1,1,1,1,1,1,1,1,1,1,1,1,1,1,1,,,,,,,,,,,,,,
Day,TravelWeekDay_B02ID,int,"Day of week trip took place - weekday, Saturday and Sunday split",1,1,1,1,1,1,1,1,1,1,1,1,1,1,1,1,1,1,1,1,1,1,1,,,,,,,,,,,,,,
Day,TravelWeekDay_B03ID,int,Day of week trip took place - weekday and weekend split,1,1,1,1,1,1,1,1,1,1,1,1,1,1,1,1,1,1,1,1,1,1,1,,,,,,,,,,,,,,
Day,TravelDayType_B01ID,int,Type of day trip took place on (2008 onwards),0,0,0,0,0,0,1,1,1,1,1,1,1,1,1,1,1,1,1,1,1,1,1,,,,,,,,,,,,,,
Day,TravelDayTypeOld_B01ID,int,Type of day trip took place on (before 2008),1,1,1,1,1,1,0,0,0,0,0,0,0,0,0,0,0,0,0,0,0,0,0,,,,,,,,,,,,,,
Trip,TripID,int,Trip unique ID - Created in SQL,1,1,1,1,1,1,1,1,1,1,1,1,1,1,1,1,1,1,1,1,1,1,1,,,,,,,,,,,,,,
Trip,DayID,int,ID given to all trips made by an individual on a given travel day - Created in SQL,1,1,1,1,1,1,1,1,1,1,1,1,1,1,1,1,1,1,1,1,1,1,1,,,,,,,,,,,,,,
Trip,IndividualID,int,Individual unique ID - Created in SQL,1,1,1,1,1,1,1,1,1,1,1,1,1,1,1,1,1,1,1,1,1,1,1,,,,,,,,,,,,,,
Trip,HouseholdID,int,Household unique ID - Created in SQL,1,1,1,1,1,1,1,1,1,1,1,1,1,1,1,1,1,1,1,1,1,1,1,,,,,,,,,,,,,,
Trip,PSUID,int,PSU unique ID - Created in SQL,1,1,1,1,1,1,1,1,1,1,1,1,1,1,1,1,1,1,1,1,1,1,1,,,,,,,,,,,,,,
Trip,PersNo,int,Person number within the household                                                   ,1,1,1,1,1,1,1,1,1,1,1,1,1,1,1,1,1,1,1,1,1,1,1,,,,,,,,,,,,,,
Trip,TravDay,int,Day of the travel week (1-7),1,1,1,1,1,1,1,1,1,1,1,1,1,1,1,1,1,1,1,1,1,1,1,,,,,,,,,,,,,,
Trip,JourSeq,int,Journey number on a given travel day,1,1,1,1,1,1,1,1,1,1,1,1,1,1,1,1,1,1,1,1,1,1,1,,,,,,,,,,,,,,
Trip,HowComp_B01ID,int,Completed trip details                                  ,1,1,1,1,1,1,1,1,1,1,1,1,1,1,1,1,1,1,1,1,1,1,1,,,,,,,,,,,,,,
Trip,SeriesCall_B01ID,int,Series of calls                                   ,1,1,1,1,1,1,1,1,1,1,1,1,1,1,1,1,1,1,1,1,1,1,1,,,,,,,,,,,,,,
Trip,ShortWalkTrip_B01ID,int,Short walk trip,1,1,1,1,1,1,1,1,1,1,1,1,1,1,1,1,1,1,1,1,1,1,1,,,,,,,,,,,,,,
Trip,NumStages,int,Number of stages - actual number,1,1,1,1,1,1,1,1,1,1,1,1,1,1,1,1,1,1,1,1,1,1,1,,,,,,,,,,,,,,
Trip,NumStages_B01ID,int,Number of stages - banded number,1,1,1,1,1,1,1,1,1,1,1,1,1,1,1,1,1,1,1,1,1,1,1,,,,,,,,,,,,,,
Trip,MainMode_B03ID,int,Main mode of transport - 28 categories                                         ,1,1,1,1,1,1,1,1,1,1,1,1,1,1,1,1,1,1,1,1,1,1,1,,,,,,,,,,,,,,
Trip,MainMode_B04ID,int,Main mode of travel - publication table breakdown - 13 categories,1,1,1,1,1,1,1,1,1,1,1,1,1,1,1,1,1,1,1,1,1,1,1,,,,,,,,,,,,,,
Trip,MainMode_B11ID,int,Main mode of travel - 22 categories,1,1,1,1,1,1,1,1,1,1,1,1,1,1,1,1,1,1,1,1,1,1,1,,,,,,,,,,,,,,
Trip,TripPurpFrom_B01ID,int,Trip purpose from - 23 categories                                    ,1,1,1,1,1,1,1,1,1,1,1,1,1,1,1,1,1,1,1,1,1,1,1,,,,,,,,,,,,,,
Trip,TripPurpTo_B01ID,int,Trip purpose to - categories 23,1,1,1,1,1,1,1,1,1,1,1,1,1,1,1,1,1,1,1,1,1,1,1,,,,,,,,,,,,,,
Trip,TripPurpose_B01ID,int,Trip purpose - full list - 23 categories,1,1,1,1,1,1,1,1,1,1,1,1,1,1,1,1,1,1,1,1,1,1,1,,,,,,,,,,,,,,
Trip,TripPurpose_B02ID,int,Trip purpose - publication table breakdown - band A - 14 categories,1,1,1,1,1,1,1,1,1,1,1,1,1,1,1,1,1,1,1,1,1,1,1,,,,,,,,,,,,,,
Trip,TripPurpose_B04ID,int,Trip purpose - publication table breakdown - band C - 8 categories,1,1,1,1,1,1,1,1,1,1,1,1,1,1,1,1,1,1,1,1,1,1,1,,,,,,,,,,,,,,
Trip,TripStartHours,int,Trip start time - hours component,1,1,1,1,1,1,1,1,1,1,1,1,1,1,1,1,1,1,1,1,1,1,1,,,,,,,,,,,,,,
Trip,TripStartMinutes,int,Trip start time - minutes component,1,1,1,1,1,1,1,1,1,1,1,1,1,1,1,1,1,1,1,1,1,1,1,,,,,,,,,,,,,,
Trip,TripStart,int,Trip start time - minutes past midnight,1,1,1,1,1,1,1,1,1,1,1,1,1,1,1,1,1,1,1,1,1,1,1,,,,,,,,,,,,,,
Trip,TripStart_B01ID,int,Trip start time band - 24 hourly bands,1,1,1,1,1,1,1,1,1,1,1,1,1,1,1,1,1,1,1,1,1,1,1,,,,,,,,,,,,,,
Trip,TripStart_B02ID,int,Trip start time band - 51 bands,1,1,1,1,1,1,1,1,1,1,1,1,1,1,1,1,1,1,1,1,1,1,1,,,,,,,,,,,,,,
Trip,TripEndHours,int,Trip end time - hours component,1,1,1,1,1,1,1,1,1,1,1,1,1,1,1,1,1,1,1,1,1,1,1,,,,,,,,,,,,,,
Trip,TripEndMinutes,int,Trip end time - minutes component,1,1,1,1,1,1,1,1,1,1,1,1,1,1,1,1,1,1,1,1,1,1,1,,,,,,,,,,,,,,
Trip,TripEnd,int,Trip end time - minutes past midnight,1,1,1,1,1,1,1,1,1,1,1,1,1,1,1,1,1,1,1,1,1,1,1,,,,,,,,,,,,,,
Trip,TripEnd_B01ID,int,Trip end time band - 24 hourly bands,1,1,1,1,1,1,1,1,1,1,1,1,1,1,1,1,1,1,1,1,1,1,1,,,,,,,,,,,,,,
Trip,TripEnd_B02ID,int,Trip end time band - 51 bands,1,1,1,1,1,1,1,1,1,1,1,1,1,1,1,1,1,1,1,1,1,1,1,,,,,,,,,,,,,,
Trip,TripDisIncSW,decimal,Trip distance - including short walk - miles - actual distance,1,1,1,1,1,1,1,1,1,1,1,1,1,1,1,1,1,1,1,1,1,1,1,,,,,,,,,,,,,,
Trip,TripDisIncSW_B01ID,int,Trip distance - including short walk - miles - banded distance - 12 categories,1,1,1,1,1,1,1,1,1,1,1,1,1,1,1,1,1,1,1,1,1,1,1,,,,,,,,,,,,,,
Trip,TripDisExSW,decimal,Trip distance - excluding short walk - miles - actual distance,1,1,1,1,1,1,1,1,1,1,1,1,1,1,1,1,1,1,1,1,1,1,1,,,,,,,,,,,,,,
Trip,TripDisExSW_B01ID,int,Trip distance - excluding short walk - miles - banded distance,1,1,1,1,1,1,1,1,1,1,1,1,1,1,1,1,1,1,1,1,1,1,1,,,,,,,,,,,,,,
Trip,TripTotalTime,int,Total trip time - minutes - actual time,1,1,1,1,1,1,1,1,1,1,1,1,1,1,1,1,1,1,1,1,1,1,1,,,,,,,,,,,,,,
Trip,TripTotalTime_B01ID,int,Total trip time - minutes - banded time,1,1,1,1,1,1,1,1,1,1,1,1,1,1,1,1,1,1,1,1,1,1,1,,,,,,,,,,,,,,
Trip,TripTravTime,int,Total trip travelling time - minutes - actual time,1,1,1,1,1,1,1,1,1,1,1,1,1,1,1,1,1,1,1,1,1,1,1,,,,,,,,,,,,,,
Trip,TripTravTime_B01ID,int,Total trip travelling time - minutes - banded time,1,1,1,1,1,1,1,1,1,1,1,1,1,1,1,1,1,1,1,1,1,1,1,,,,,,,,,,,,,,
Trip,TripOrigGOR_B02ID,int,Trip Origin - Region,1,1,1,1,1,1,1,1,1,1,1,1,1,1,1,1,1,1,1,1,1,1,1,,,,,,,,,,,,,,
Trip,TripDestGOR_B02ID,int,Trip Destination - Region   ,1,1,1,1,1,1,1,1,1,1,1,1,1,1,1,1,1,1,1,1,1,1,1,,,,,,,,,,,,,,
Trip,JJXSC,int,Number of trips - grossing up short walks and excluding series of calls,1,1,1,1,1,1,1,1,1,1,1,1,1,1,1,1,1,1,1,1,1,1,1,,,,,,,,,,,,,,
Trip,JOTXSC,int,Overal trip time - grossing up short walks and excluding series of calls,1,1,1,1,1,1,1,1,1,1,1,1,1,1,1,1,1,1,1,1,1,1,1,,,,,,,,,,,,,,
Trip,JTTXSC,int,Overal travel time - grossing up short walks and excluding series of calls,1,1,1,1,1,1,1,1,1,1,1,1,1,1,1,1,1,1,1,1,1,1,1,,,,,,,,,,,,,,
Trip,JD,decimal,Trip distance - grossing up short walks,1,1,1,1,1,1,1,1,1,1,1,1,1,1,1,1,1,1,1,1,1,1,1,,,,,,,,,,,,,,
Trip,W5,decimal,Weighted travel sample,1,1,1,1,1,1,1,1,1,1,1,1,1,1,1,1,1,1,1,1,1,1,1,,,,,,,,,,,,,,
Trip,W5xHH,decimal,Weighted travel sample - excluding household weight,1,1,1,1,1,1,1,1,1,1,1,1,1,1,1,1,1,1,1,1,1,1,1,,,,,,,,,,,,,,
Stage,StageID,int,Stage unique ID - Created in SQL,1,1,1,1,1,1,1,1,1,1,1,1,1,1,1,1,1,1,1,1,1,1,1,,,,,,,,,,,,,,
Stage,TripID,int,Trip unique ID - Created in SQL,1,1,1,1,1,1,1,1,1,1,1,1,1,1,1,1,1,1,1,1,1,1,1,,,,,,,,,,,,,,
Stage,DayID,int,ID given to all trips made by an individual on a given travel day - Created in SQL,1,1,1,1,1,1,1,1,1,1,1,1,1,1,1,1,1,1,1,1,1,1,1,,,,,,,,,,,,,,
Stage,IndividualID,int,Individual unique ID - Created in SQL,1,1,1,1,1,1,1,1,1,1,1,1,1,1,1,1,1,1,1,1,1,1,1,,,,,,,,,,,,,,
Stage,HouseholdID,int,Household unique ID - Created in SQL,1,1,1,1,1,1,1,1,1,1,1,1,1,1,1,1,1,1,1,1,1,1,1,,,,,,,,,,,,,,
Stage,PSUID,int,PSU unique ID - Created in SQL,1,1,1,1,1,1,1,1,1,1,1,1,1,1,1,1,1,1,1,1,1,1,1,,,,,,,,,,,,,,
Stage,VehicleID,int,Vehicle ID of vehicle used to make stage - Created in SQL,1,1,1,1,1,1,1,1,1,1,1,1,1,1,1,1,1,1,1,1,1,1,1,,,,,,,,,,,,,,
Stage,IndTicketID,int,Ticket unique ID - Created in SQL,1,1,1,1,1,1,1,1,1,1,1,1,1,1,1,1,1,1,1,1,1,1,1,,,,,,,,,,,,,,
Stage,PersNo,int,Person number within the household                                                   ,1,1,1,1,1,1,1,1,1,1,1,1,1,1,1,1,1,1,1,1,1,1,1,,,,,,,,,,,,,,
Stage,TravDay,int,Day of the travel week,1,1,1,1,1,1,1,1,1,1,1,1,1,1,1,1,1,1,1,1,1,1,1,,,,,,,,,,,,,,
Stage,JourSeq,int,Journey number on a given travel day,1,1,1,1,1,1,1,1,1,1,1,1,1,1,1,1,1,1,1,1,1,1,1,,,,,,,,,,,,,,
Stage,StageSeq,int,Stage number within a given trip                                                     ,1,1,1,1,1,1,1,1,1,1,1,1,1,1,1,1,1,1,1,1,1,1,1,,,,,,,,,,,,,,
Stage,StageDistance,decimal,Stage Distance - miles - actual distance                                ,1,1,1,1,1,1,1,1,1,1,1,1,1,1,1,1,1,1,1,1,1,1,1,,,,,,,,,,,,,,
Stage,StageDistance_B01ID,int,Stage Distance - miles - banded distance                                ,1,1,1,1,1,1,1,1,1,1,1,1,1,1,1,1,1,1,1,1,1,1,1,,,,,,,,,,,,,,
Stage,StageTime,int,Stage travel time - minutes - actual time,1,1,1,1,1,1,1,1,1,1,1,1,1,1,1,1,1,1,1,1,1,1,1,,,,,,,,,,,,,,
Stage,StageTime_B01ID,int,Stage travel time - minutes - banded time,1,1,1,1,1,1,1,1,1,1,1,1,1,1,1,1,1,1,1,1,1,1,1,,,,,,,,,,,,,,
Stage,StageMode_B03ID,int,Stage mode of travel - detailed breakdown - 28 categories,1,1,1,1,1,1,1,1,1,1,1,1,1,1,1,1,1,1,1,1,1,1,1,,,,,,,,,,,,,,
Stage,StageMode_B04ID,int,Stage mode of travel - publication table breakdown - 13 categories,1,1,1,1,1,1,1,1,1,1,1,1,1,1,1,1,1,1,1,1,1,1,1,,,,,,,,,,,,,,
Stage,StageMode_B11ID,int,Stage mode of travel - 22 categories,1,1,1,1,1,1,1,1,1,1,1,1,1,1,1,1,1,1,1,1,1,1,1,,,,,,,,,,,,,,
Stage,StageShortWalk_B01ID,int,Short walk stage,1,1,1,1,1,1,1,1,1,1,1,1,1,1,1,1,1,1,1,1,1,1,1,,,,,,,,,,,,,,
Stage,NumBoardings,int,Number of mode boardings - actual number                                             ,1,1,1,1,1,1,1,1,1,1,1,1,1,1,1,1,1,1,1,1,1,1,1,,,,,,,,,,,,,,
Stage,NumBoardings_B01ID,int,Number of mode boardings - banded number                           ,1,1,1,1,1,1,1,1,1,1,1,1,1,1,1,1,1,1,1,1,1,1,1,,,,,,,,,,,,,,
Stage,NumParty,int,Total number in party - actual number,1,1,1,1,1,1,1,1,1,1,1,1,1,1,1,1,1,1,1,1,1,1,1,,,,,,,,,,,,,,
Stage,NumParty_B01ID,int,Total number in party - banded number,1,1,1,1,1,1,1,1,1,1,1,1,1,1,1,1,1,1,1,1,1,1,1,,,,,,,,,,,,,,
Stage,NumPartyChild,int,Total number of children in party  - actual number - child diaries only,1,1,1,1,1,1,1,1,1,1,1,1,1,1,1,1,1,1,1,1,1,1,1,,,,,,,,,,,,,,
Stage,NumPartyChild_B01ID,int,Total number of children in party  - banded number - child diaries only,1,1,1,1,1,1,1,1,1,1,1,1,1,1,1,1,1,1,1,1,1,1,1,,,,,,,,,,,,,,
Stage,NumPartyAdult,int,Total number of adults in party - actual number,1,1,1,1,1,1,1,1,1,1,1,1,1,1,1,1,1,1,1,1,1,1,1,,,,,,,,,,,,,,
Stage,NumPartyAdult_B01ID,int,Total number of adults in party - banded number,1,1,1,1,1,1,1,1,1,1,1,1,1,1,1,1,1,1,1,1,1,1,1,,,,,,,,,,,,,,
Stage,StageVehicle,int,Which household private vehicle used for the stage,1,1,1,1,1,1,1,1,1,1,1,1,1,1,1,1,1,1,1,1,1,1,1,,,,,,,,,,,,,,
Stage,StageVehicle_B01ID,int,Which private vehicle used for stage - includes non household vehicles       ,1,1,1,1,1,1,1,1,1,1,1,1,1,1,1,1,1,1,1,1,1,1,1,,,,,,,,,,,,,,
Stage,StageOccupant_B01ID,int,Private vehicle stage occupant - driver or passenger,1,1,1,1,1,1,1,1,1,1,1,1,1,1,1,1,1,1,1,1,1,1,1,,,,,,,,,,,,,,
Stage,TicketNumber,int,Ticket Number,1,1,1,1,1,1,1,1,1,1,1,1,1,1,1,1,1,1,1,1,1,1,1,,,,,,,,,,,,,,
Stage,TicketType_B01ID,int,Type of ticket used for stage,1,1,1,1,1,1,1,1,1,1,1,1,1,1,1,1,1,1,1,1,1,1,1,,,,,,,,,,,,,,
Stage,StageFareCost,decimal,Boarding cost - pounds - actual cost,1,1,1,1,1,1,1,1,1,1,1,1,1,1,1,1,1,1,1,1,1,1,1,,,,,,,,,,,,,,
Stage,StageFareCost_B01ID,int,Boarding cost - pounds - banded cost,1,1,1,1,1,1,1,1,1,1,1,1,1,1,1,1,1,1,1,1,1,1,1,,,,,,,,,,,,,,
Stage,ShortWalkDay_B01ID,int,Whether stage is on a short walk day,0,0,0,0,0,0,0,0,0,0,0,0,0,0,1,1,1,1,1,1,1,1,1,New in 2016,,,,,,,,,,,,,
Stage,StagePassCost,decimal,Pass cost - pounds - actual cost,1,1,1,1,1,1,1,1,1,1,1,1,1,1,1,1,1,1,1,1,1,1,1,,,,,,,,,,,,,,
Stage,StagePassCost_B01ID,int,Pass cost - pounds - banded cost,1,1,1,1,1,1,1,1,1,1,1,1,1,1,1,1,1,1,1,1,1,1,1,,,,,,,,,,,,,,
Stage,StageCost,decimal,Total cost - pounds - actual cost,1,1,1,1,1,1,1,1,1,1,1,1,1,1,1,1,1,1,1,1,1,1,1,,,,,,,,,,,,,,
Stage,StageCost_B01ID,int,Total cost - pounds - banded cost,1,1,1,1,1,1,1,1,1,1,1,1,1,1,1,1,1,1,1,1,1,1,1,,,,,,,,,,,,,,
Stage,StageMain_B01ID,int,Whether main stage of trip,1,1,1,1,1,1,1,1,1,1,1,1,1,1,1,1,1,1,1,1,1,1,1,,,,,,,,,,,,,,
Stage,SSXSC,int,Number of stages - grossing up short walks and excluding series of calls,1,1,1,1,1,1,1,1,1,1,1,1,1,1,1,1,1,1,1,1,1,1,1,,,,,,,,,,,,,,
Stage,STTXSC,int,Stage time - grossing up short walks and excluding series of calls,1,1,1,1,1,1,1,1,1,1,1,1,1,1,1,1,1,1,1,1,1,1,1,,,,,,,,,,,,,,
Stage,SD,decimal,Stage distance - grossing up short walks,1,1,1,1,1,1,1,1,1,1,1,1,1,1,1,1,1,1,1,1,1,1,1,,,,,,,,,,,,,,
Stage,WhereParked_B01ID,int,Where parked,1,1,1,1,1,0,0,0,0,0,0,0,0,0,0,0,0,0,0,0,0,0,0,,,,,,,,,,,,,,
,,,,,,,,,,,,,,,,,,,,,,,,,,,,,,,,,,,,,,,,
,,,,,,,,,,,,,,,,,,,,,,,,,,,,,,,,,,,,,,,,
,,,,,,,,,,,,,,,,,,,,,,,,,,,,,,,,,,,,,,,,
,,,,,,,,,,,,,,,,,,,,,,,,,,,,,,,,,,,,,,,,
,,,,,,,,,,,,,,,,,,,,,,,,,,,,,,,,,,,,,,,,
,,,,,,,,,,,,,,,,,,,,,,,,,,,,,,,,,,,,,,,,
,,,,,,,,,,,,,,,,,,,,,,,,,,,,,,,,,,,,,,,,
,,,,,,,,,,,,,,,,,,,,,,,,,,,,,,,,,,,,,,,,
,,,,,,,,,,,,,,,,,,,,,,,,,,,,,,,,,,,,,,,,
,,,,,,,,,,,,,,,,,,,,,,,,,,,,,,,,,,,,,,,,
,,,,,,,,,,,,,,,,,,,,,,,,,,,,,,,,,,,,,,,,
,,,,,,,,,,,,,,,,,,,,,,,,,,,,,,,,,,,,,,,,
,,,,,,,,,,,,,,,,,,,,,,,,,,,,,,,,,,,,,,,,
,,,,,,,,,,,,,,,,,,,,,,,,,,,,,,,,,,,,,,,,
,,,,,,,,,,,,,,,,,,,,,,,,,,,,,,,,,,,,,,,,
,,,,,,,,,,,,,,,,,,,,,,,,,,,,,,,,,,,,,,,,
,,,,,,,,,,,,,,,,,,,,,,,,,,,,,,,,,,,,,,,,
,,,,,,,,,,,,,,,,,,,,,,,,,,,,,,,,,,,,,,,,
,,,,,,,,,,,,,,,,,,,,,,,,,,,,,,,,,,,,,,,,
,,,,,,,,,,,,,,,,,,,,,,,,,,,,,,,,,,,,,,,,
,,,,,,,,,,,,,,,,,,,,,,,,,,,,,,,,,,,,,,,,
,,,,,,,,,,,,,,,,,,,,,,,,,,,,,,,,,,,,,,,,
,,,,,,,,,,,,,,,,,,,,,,,,,,,,,,,,,,,,,,,,
,,,,,,,,,,,,,,,,,,,,,,,,,,,,,,,,,,,,,,,,
,,,,,,,,,,,,,,,,,,,,,,,,,,,,,,,,,,,,,,,,
